url,artist,track,submitter,guesser,guess,like,dislike
https://open.spotify.com/track/5o5JWi8E1zeqF288NaQpFf?si=cd05acc356214b75,Steven Wilson,Abandoner,Stephan,,,,
https://open.spotify.com/track/5o5JWi8E1zeqF288NaQpFf?si=cd05acc356214b75,Steven Wilson,Abandoner,Stephan,Stephan,Stephan,,
https://open.spotify.com/track/5o5JWi8E1zeqF288NaQpFf?si=cd05acc356214b75,Steven Wilson,Abandoner,Stephan,Ligia,Ligia,,
https://open.spotify.com/track/5o5JWi8E1zeqF288NaQpFf?si=cd05acc356214b75,Steven Wilson,Abandoner,Stephan,Stephan,Stephan,,
https://open.spotify.com/track/5o5JWi8E1zeqF288NaQpFf?si=cd05acc356214b75,Steven Wilson,Abandoner,Stephan,,,,
https://open.spotify.com/track/5o5JWi8E1zeqF288NaQpFf?si=cd05acc356214b75,Steven Wilson,Abandoner,Stephan,Ligia,Ligia,,
https://open.spotify.com/track/5o5JWi8E1zeqF288NaQpFf?si=cd05acc356214b75,Steven Wilson,Abandoner,Stephan,Tess,Stephan,,
https://open.spotify.com/track/5o5JWi8E1zeqF288NaQpFf?si=cd05acc356214b75,Steven Wilson,Abandoner,Stephan,,,,
https://open.spotify.com/track/5o5JWi8E1zeqF288NaQpFf?si=cd05acc356214b75,Steven Wilson,Abandoner,Stephan,,,,
https://open.spotify.com/track/5o5JWi8E1zeqF288NaQpFf?si=cd05acc356214b75,Steven Wilson,Abandoner,Stephan,Stu,,,
https://open.spotify.com/track/5o5JWi8E1zeqF288NaQpFf?si=cd05acc356214b75,Steven Wilson,Abandoner,Stephan,Ligia,Ligia,,
https://open.spotify.com/track/40SBS57su9xLiE1WqkXOVr?si=860a5ca2888346d3,LF System,Afraid to Feel,Ligia,,,X,
https://open.spotify.com/track/40SBS57su9xLiE1WqkXOVr?si=860a5ca2888346d3,LF System,Afraid to Feel,Ligia,Stephan,Stu,,X
https://open.spotify.com/track/40SBS57su9xLiE1WqkXOVr?si=860a5ca2888346d3,LF System,Afraid to Feel,Ligia,Ligia,Tess,,
https://open.spotify.com/track/40SBS57su9xLiE1WqkXOVr?si=860a5ca2888346d3,LF System,Afraid to Feel,Ligia,Stephan,Stu,,X
https://open.spotify.com/track/40SBS57su9xLiE1WqkXOVr?si=860a5ca2888346d3,LF System,Afraid to Feel,Ligia,,,X,
https://open.spotify.com/track/40SBS57su9xLiE1WqkXOVr?si=860a5ca2888346d3,LF System,Afraid to Feel,Ligia,Ligia,Tess,,
https://open.spotify.com/track/40SBS57su9xLiE1WqkXOVr?si=860a5ca2888346d3,LF System,Afraid to Feel,Ligia,Tess,Stu,,
https://open.spotify.com/track/40SBS57su9xLiE1WqkXOVr?si=860a5ca2888346d3,LF System,Afraid to Feel,Ligia,,,X,
https://open.spotify.com/track/40SBS57su9xLiE1WqkXOVr?si=860a5ca2888346d3,LF System,Afraid to Feel,Ligia,,,X,
https://open.spotify.com/track/40SBS57su9xLiE1WqkXOVr?si=860a5ca2888346d3,LF System,Afraid to Feel,Ligia,Stu,Ligia,X,
https://open.spotify.com/track/40SBS57su9xLiE1WqkXOVr?si=860a5ca2888346d3,LF System,Afraid to Feel,Ligia,Ligia,Tess,,
https://open.spotify.com/track/5rc28C9Ym7zIAypx3QGcnv?si=fb5d92c25e6a43a4 ,The Whispers,And the Beat Goes On,Rich,,,,
https://open.spotify.com/track/5rc28C9Ym7zIAypx3QGcnv?si=fb5d92c25e6a43a4 ,The Whispers,And the Beat Goes On,Rich,Stephan,Tess,,
https://open.spotify.com/track/5rc28C9Ym7zIAypx3QGcnv?si=fb5d92c25e6a43a4 ,The Whispers,And the Beat Goes On,Rich,Ligia,,,
https://open.spotify.com/track/5rc28C9Ym7zIAypx3QGcnv?si=fb5d92c25e6a43a4 ,The Whispers,And the Beat Goes On,Rich,Stephan,Tess,,
https://open.spotify.com/track/5rc28C9Ym7zIAypx3QGcnv?si=fb5d92c25e6a43a4 ,The Whispers,And the Beat Goes On,Rich,,,,
https://open.spotify.com/track/5rc28C9Ym7zIAypx3QGcnv?si=fb5d92c25e6a43a4 ,The Whispers,And the Beat Goes On,Rich,Ligia,,,
https://open.spotify.com/track/5rc28C9Ym7zIAypx3QGcnv?si=fb5d92c25e6a43a4 ,The Whispers,And the Beat Goes On,Rich,Tess,Tess,,
https://open.spotify.com/track/5rc28C9Ym7zIAypx3QGcnv?si=fb5d92c25e6a43a4 ,The Whispers,And the Beat Goes On,Rich,,,,
https://open.spotify.com/track/5rc28C9Ym7zIAypx3QGcnv?si=fb5d92c25e6a43a4 ,The Whispers,And the Beat Goes On,Rich,,,,
https://open.spotify.com/track/5rc28C9Ym7zIAypx3QGcnv?si=fb5d92c25e6a43a4 ,The Whispers,And the Beat Goes On,Rich,Stu,Tess,,
https://open.spotify.com/track/5rc28C9Ym7zIAypx3QGcnv?si=fb5d92c25e6a43a4 ,The Whispers,And the Beat Goes On,Rich,Ligia,,,
https://open.spotify.com/track/2EoOZnxNgtmZaD8uUmz2nD?si=a63a5886cf3f4b59,Soundgarden,Black Hole Sun,Anna,,,,
https://open.spotify.com/track/2EoOZnxNgtmZaD8uUmz2nD?si=a63a5886cf3f4b59,Soundgarden,Black Hole Sun,Anna,Stephan,,,
https://open.spotify.com/track/2EoOZnxNgtmZaD8uUmz2nD?si=a63a5886cf3f4b59,Soundgarden,Black Hole Sun,Anna,Ligia,Anna,,
https://open.spotify.com/track/2EoOZnxNgtmZaD8uUmz2nD?si=a63a5886cf3f4b59,Soundgarden,Black Hole Sun,Anna,Stephan,,,
https://open.spotify.com/track/2EoOZnxNgtmZaD8uUmz2nD?si=a63a5886cf3f4b59,Soundgarden,Black Hole Sun,Anna,,,,
https://open.spotify.com/track/2EoOZnxNgtmZaD8uUmz2nD?si=a63a5886cf3f4b59,Soundgarden,Black Hole Sun,Anna,Ligia,Anna,,
https://open.spotify.com/track/2EoOZnxNgtmZaD8uUmz2nD?si=a63a5886cf3f4b59,Soundgarden,Black Hole Sun,Anna,Tess,Tess,,
https://open.spotify.com/track/2EoOZnxNgtmZaD8uUmz2nD?si=a63a5886cf3f4b59,Soundgarden,Black Hole Sun,Anna,,,,
https://open.spotify.com/track/2EoOZnxNgtmZaD8uUmz2nD?si=a63a5886cf3f4b59,Soundgarden,Black Hole Sun,Anna,,,,
https://open.spotify.com/track/2EoOZnxNgtmZaD8uUmz2nD?si=a63a5886cf3f4b59,Soundgarden,Black Hole Sun,Anna,Stu,Anna,,
https://open.spotify.com/track/2EoOZnxNgtmZaD8uUmz2nD?si=a63a5886cf3f4b59,Soundgarden,Black Hole Sun,Anna,Ligia,Anna,,
https://open.spotify.com/track/7fPuSaXg3DsuNfnZCI3lBn?si=bb75ff4915ef4f85,Miles Davis,Black Satin,Stephan,,,,
https://open.spotify.com/track/7fPuSaXg3DsuNfnZCI3lBn?si=bb75ff4915ef4f85,Miles Davis,Black Satin,Stephan,Stephan,Stu,,
https://open.spotify.com/track/7fPuSaXg3DsuNfnZCI3lBn?si=bb75ff4915ef4f85,Miles Davis,Black Satin,Stephan,Ligia,Antonio,,
https://open.spotify.com/track/7fPuSaXg3DsuNfnZCI3lBn?si=bb75ff4915ef4f85,Miles Davis,Black Satin,Stephan,Stephan,Stu,,
https://open.spotify.com/track/7fPuSaXg3DsuNfnZCI3lBn?si=bb75ff4915ef4f85,Miles Davis,Black Satin,Stephan,,,,
https://open.spotify.com/track/7fPuSaXg3DsuNfnZCI3lBn?si=bb75ff4915ef4f85,Miles Davis,Black Satin,Stephan,Ligia,Antonio,,
https://open.spotify.com/track/7fPuSaXg3DsuNfnZCI3lBn?si=bb75ff4915ef4f85,Miles Davis,Black Satin,Stephan,Tess,Stephan,,
https://open.spotify.com/track/7fPuSaXg3DsuNfnZCI3lBn?si=bb75ff4915ef4f85,Miles Davis,Black Satin,Stephan,,,,
https://open.spotify.com/track/7fPuSaXg3DsuNfnZCI3lBn?si=bb75ff4915ef4f85,Miles Davis,Black Satin,Stephan,,,,
https://open.spotify.com/track/7fPuSaXg3DsuNfnZCI3lBn?si=bb75ff4915ef4f85,Miles Davis,Black Satin,Stephan,Stu,,,
https://open.spotify.com/track/7fPuSaXg3DsuNfnZCI3lBn?si=bb75ff4915ef4f85,Miles Davis,Black Satin,Stephan,Ligia,Antonio,,
https://open.spotify.com/track/2a5cbTg2UIi784t9E2wT35?si=a6e5c5e157294273 ,Red Hot Chilli Peppers,Black Summer,Gabby,,,,
https://open.spotify.com/track/2a5cbTg2UIi784t9E2wT35?si=a6e5c5e157294273 ,Red Hot Chilli Peppers,Black Summer,Gabby,Stephan,Rich,,
https://open.spotify.com/track/2a5cbTg2UIi784t9E2wT35?si=a6e5c5e157294273 ,Red Hot Chilli Peppers,Black Summer,Gabby,Ligia,Stu,,
https://open.spotify.com/track/2a5cbTg2UIi784t9E2wT35?si=a6e5c5e157294273 ,Red Hot Chilli Peppers,Black Summer,Gabby,Stephan,Rich,,
https://open.spotify.com/track/2a5cbTg2UIi784t9E2wT35?si=a6e5c5e157294273 ,Red Hot Chilli Peppers,Black Summer,Gabby,,,,
https://open.spotify.com/track/2a5cbTg2UIi784t9E2wT35?si=a6e5c5e157294273 ,Red Hot Chilli Peppers,Black Summer,Gabby,Ligia,Stu,,
https://open.spotify.com/track/2a5cbTg2UIi784t9E2wT35?si=a6e5c5e157294273 ,Red Hot Chilli Peppers,Black Summer,Gabby,Tess,Ana,,
https://open.spotify.com/track/2a5cbTg2UIi784t9E2wT35?si=a6e5c5e157294273 ,Red Hot Chilli Peppers,Black Summer,Gabby,,,,
https://open.spotify.com/track/2a5cbTg2UIi784t9E2wT35?si=a6e5c5e157294273 ,Red Hot Chilli Peppers,Black Summer,Gabby,,,,
https://open.spotify.com/track/2a5cbTg2UIi784t9E2wT35?si=a6e5c5e157294273 ,Red Hot Chilli Peppers,Black Summer,Gabby,Stu,Rich,,
https://open.spotify.com/track/2a5cbTg2UIi784t9E2wT35?si=a6e5c5e157294273 ,Red Hot Chilli Peppers,Black Summer,Gabby,Ligia,Stu,,
https://open.spotify.com/track/4DlCCjYhgUkBDLiwQrr2jx?si=67aaa07681f94ad2,Tori Amos,Bouncing Off Clouds,Anna,,,,
https://open.spotify.com/track/4DlCCjYhgUkBDLiwQrr2jx?si=67aaa07681f94ad2,Tori Amos,Bouncing Off Clouds,Anna,Stephan,,,
https://open.spotify.com/track/4DlCCjYhgUkBDLiwQrr2jx?si=67aaa07681f94ad2,Tori Amos,Bouncing Off Clouds,Anna,Ligia,Anna,,
https://open.spotify.com/track/4DlCCjYhgUkBDLiwQrr2jx?si=67aaa07681f94ad2,Tori Amos,Bouncing Off Clouds,Anna,Stephan,,,
https://open.spotify.com/track/4DlCCjYhgUkBDLiwQrr2jx?si=67aaa07681f94ad2,Tori Amos,Bouncing Off Clouds,Anna,,,,
https://open.spotify.com/track/4DlCCjYhgUkBDLiwQrr2jx?si=67aaa07681f94ad2,Tori Amos,Bouncing Off Clouds,Anna,Ligia,Anna,,
https://open.spotify.com/track/4DlCCjYhgUkBDLiwQrr2jx?si=67aaa07681f94ad2,Tori Amos,Bouncing Off Clouds,Anna,Tess,Ligia,,
https://open.spotify.com/track/4DlCCjYhgUkBDLiwQrr2jx?si=67aaa07681f94ad2,Tori Amos,Bouncing Off Clouds,Anna,,,,
https://open.spotify.com/track/4DlCCjYhgUkBDLiwQrr2jx?si=67aaa07681f94ad2,Tori Amos,Bouncing Off Clouds,Anna,,,,
https://open.spotify.com/track/4DlCCjYhgUkBDLiwQrr2jx?si=67aaa07681f94ad2,Tori Amos,Bouncing Off Clouds,Anna,Stu,Tess,,
https://open.spotify.com/track/4DlCCjYhgUkBDLiwQrr2jx?si=67aaa07681f94ad2,Tori Amos,Bouncing Off Clouds,Anna,Ligia,Anna,,
https://open.spotify.com/track/4Cr7rlPC7orOCPIO8z4fh1?si=36f9a1a9cffd400d,Tiamat,Brighter Than The Sun,Anna,,,,
https://open.spotify.com/track/4Cr7rlPC7orOCPIO8z4fh1?si=36f9a1a9cffd400d,Tiamat,Brighter Than The Sun,Anna,Stephan,,,
https://open.spotify.com/track/4Cr7rlPC7orOCPIO8z4fh1?si=36f9a1a9cffd400d,Tiamat,Brighter Than The Sun,Anna,Ligia,Anna,X,
https://open.spotify.com/track/4Cr7rlPC7orOCPIO8z4fh1?si=36f9a1a9cffd400d,Tiamat,Brighter Than The Sun,Anna,Stephan,,,
https://open.spotify.com/track/4Cr7rlPC7orOCPIO8z4fh1?si=36f9a1a9cffd400d,Tiamat,Brighter Than The Sun,Anna,,,,
https://open.spotify.com/track/4Cr7rlPC7orOCPIO8z4fh1?si=36f9a1a9cffd400d,Tiamat,Brighter Than The Sun,Anna,Ligia,Anna,X,
https://open.spotify.com/track/4Cr7rlPC7orOCPIO8z4fh1?si=36f9a1a9cffd400d,Tiamat,Brighter Than The Sun,Anna,Tess,Stu,,
https://open.spotify.com/track/4Cr7rlPC7orOCPIO8z4fh1?si=36f9a1a9cffd400d,Tiamat,Brighter Than The Sun,Anna,,,,
https://open.spotify.com/track/4Cr7rlPC7orOCPIO8z4fh1?si=36f9a1a9cffd400d,Tiamat,Brighter Than The Sun,Anna,,,,
https://open.spotify.com/track/4Cr7rlPC7orOCPIO8z4fh1?si=36f9a1a9cffd400d,Tiamat,Brighter Than The Sun,Anna,Stu,Anna,,
https://open.spotify.com/track/4Cr7rlPC7orOCPIO8z4fh1?si=36f9a1a9cffd400d,Tiamat,Brighter Than The Sun,Anna,Ligia,Anna,X,
https://open.spotify.com/track/7f7CxGj0kzfwT1SjciL3ft?si=b0171ba931ea49b2,Jungle,Busy Earnin',Stu,,,,
https://open.spotify.com/track/7f7CxGj0kzfwT1SjciL3ft?si=b0171ba931ea49b2,Jungle,Busy Earnin',Stu,Stephan,Ana,,
https://open.spotify.com/track/7f7CxGj0kzfwT1SjciL3ft?si=b0171ba931ea49b2,Jungle,Busy Earnin',Stu,Ligia,Stu,X,
https://open.spotify.com/track/7f7CxGj0kzfwT1SjciL3ft?si=b0171ba931ea49b2,Jungle,Busy Earnin',Stu,Stephan,Ana,,
https://open.spotify.com/track/7f7CxGj0kzfwT1SjciL3ft?si=b0171ba931ea49b2,Jungle,Busy Earnin',Stu,,,,
https://open.spotify.com/track/7f7CxGj0kzfwT1SjciL3ft?si=b0171ba931ea49b2,Jungle,Busy Earnin',Stu,Ligia,Stu,X,
https://open.spotify.com/track/7f7CxGj0kzfwT1SjciL3ft?si=b0171ba931ea49b2,Jungle,Busy Earnin',Stu,Tess,Rich,X,
https://open.spotify.com/track/7f7CxGj0kzfwT1SjciL3ft?si=b0171ba931ea49b2,Jungle,Busy Earnin',Stu,,,,
https://open.spotify.com/track/7f7CxGj0kzfwT1SjciL3ft?si=b0171ba931ea49b2,Jungle,Busy Earnin',Stu,,,,
https://open.spotify.com/track/7f7CxGj0kzfwT1SjciL3ft?si=b0171ba931ea49b2,Jungle,Busy Earnin',Stu,Stu,Tess,X,
https://open.spotify.com/track/7f7CxGj0kzfwT1SjciL3ft?si=b0171ba931ea49b2,Jungle,Busy Earnin',Stu,Ligia,Stu,X,
https://open.spotify.com/track/6xWQTUuC5O6FIMBCZtlCM2?si=32ecb9376b2b46dc,Raffaella Carra,"Caliente, caliente",Antonio,,,,
https://open.spotify.com/track/6xWQTUuC5O6FIMBCZtlCM2?si=32ecb9376b2b46dc,Raffaella Carra,"Caliente, caliente",Antonio,Stephan,Ligia,,
https://open.spotify.com/track/6xWQTUuC5O6FIMBCZtlCM2?si=32ecb9376b2b46dc,Raffaella Carra,"Caliente, caliente",Antonio,Ligia,Antonio,,
https://open.spotify.com/track/6xWQTUuC5O6FIMBCZtlCM2?si=32ecb9376b2b46dc,Raffaella Carra,"Caliente, caliente",Antonio,Stephan,Ligia,,
https://open.spotify.com/track/6xWQTUuC5O6FIMBCZtlCM2?si=32ecb9376b2b46dc,Raffaella Carra,"Caliente, caliente",Antonio,,,,
https://open.spotify.com/track/6xWQTUuC5O6FIMBCZtlCM2?si=32ecb9376b2b46dc,Raffaella Carra,"Caliente, caliente",Antonio,Ligia,Antonio,,
https://open.spotify.com/track/6xWQTUuC5O6FIMBCZtlCM2?si=32ecb9376b2b46dc,Raffaella Carra,"Caliente, caliente",Antonio,Tess,,,
https://open.spotify.com/track/6xWQTUuC5O6FIMBCZtlCM2?si=32ecb9376b2b46dc,Raffaella Carra,"Caliente, caliente",Antonio,,,,
https://open.spotify.com/track/6xWQTUuC5O6FIMBCZtlCM2?si=32ecb9376b2b46dc,Raffaella Carra,"Caliente, caliente",Antonio,,,,
https://open.spotify.com/track/6xWQTUuC5O6FIMBCZtlCM2?si=32ecb9376b2b46dc,Raffaella Carra,"Caliente, caliente",Antonio,Stu,Antonio,,
https://open.spotify.com/track/6xWQTUuC5O6FIMBCZtlCM2?si=32ecb9376b2b46dc,Raffaella Carra,"Caliente, caliente",Antonio,Ligia,Antonio,,
https://open.spotify.com/track/0nys6GusuHnjSYLW0PYYb7?si=1b1f91f983944b06,Wet Leg,Chaise Longue,Tess,,,X,
https://open.spotify.com/track/0nys6GusuHnjSYLW0PYYb7?si=1b1f91f983944b06,Wet Leg,Chaise Longue,Tess,Stephan,Tess,X,
https://open.spotify.com/track/0nys6GusuHnjSYLW0PYYb7?si=1b1f91f983944b06,Wet Leg,Chaise Longue,Tess,Ligia,Tess,,X
https://open.spotify.com/track/0nys6GusuHnjSYLW0PYYb7?si=1b1f91f983944b06,Wet Leg,Chaise Longue,Tess,Stephan,Tess,X,
https://open.spotify.com/track/0nys6GusuHnjSYLW0PYYb7?si=1b1f91f983944b06,Wet Leg,Chaise Longue,Tess,,,X,
https://open.spotify.com/track/0nys6GusuHnjSYLW0PYYb7?si=1b1f91f983944b06,Wet Leg,Chaise Longue,Tess,Ligia,Tess,,X
https://open.spotify.com/track/0nys6GusuHnjSYLW0PYYb7?si=1b1f91f983944b06,Wet Leg,Chaise Longue,Tess,Tess,Gabby,,
https://open.spotify.com/track/0nys6GusuHnjSYLW0PYYb7?si=1b1f91f983944b06,Wet Leg,Chaise Longue,Tess,,,X,
https://open.spotify.com/track/0nys6GusuHnjSYLW0PYYb7?si=1b1f91f983944b06,Wet Leg,Chaise Longue,Tess,,,X,
https://open.spotify.com/track/0nys6GusuHnjSYLW0PYYb7?si=1b1f91f983944b06,Wet Leg,Chaise Longue,Tess,Stu,Stu,X,
https://open.spotify.com/track/0nys6GusuHnjSYLW0PYYb7?si=1b1f91f983944b06,Wet Leg,Chaise Longue,Tess,Ligia,Tess,,X
https://open.spotify.com/track/6JIC3hbC28JZKZ8AlAqX8h?si=c955150f33b54f1b,"Elton John, Dua Lipa, PNAU",Cold Heart - PNAU Remix,Ligia,,,X,
https://open.spotify.com/track/6JIC3hbC28JZKZ8AlAqX8h?si=c955150f33b54f1b,"Elton John, Dua Lipa, PNAU",Cold Heart - PNAU Remix,Ligia,Stephan,Tess,,
https://open.spotify.com/track/6JIC3hbC28JZKZ8AlAqX8h?si=c955150f33b54f1b,"Elton John, Dua Lipa, PNAU",Cold Heart - PNAU Remix,Ligia,Ligia,Ana,,
https://open.spotify.com/track/6JIC3hbC28JZKZ8AlAqX8h?si=c955150f33b54f1b,"Elton John, Dua Lipa, PNAU",Cold Heart - PNAU Remix,Ligia,Stephan,Tess,,
https://open.spotify.com/track/6JIC3hbC28JZKZ8AlAqX8h?si=c955150f33b54f1b,"Elton John, Dua Lipa, PNAU",Cold Heart - PNAU Remix,Ligia,,,X,
https://open.spotify.com/track/6JIC3hbC28JZKZ8AlAqX8h?si=c955150f33b54f1b,"Elton John, Dua Lipa, PNAU",Cold Heart - PNAU Remix,Ligia,Ligia,Ana,,
https://open.spotify.com/track/6JIC3hbC28JZKZ8AlAqX8h?si=c955150f33b54f1b,"Elton John, Dua Lipa, PNAU",Cold Heart - PNAU Remix,Ligia,Tess,Gabby,,
https://open.spotify.com/track/6JIC3hbC28JZKZ8AlAqX8h?si=c955150f33b54f1b,"Elton John, Dua Lipa, PNAU",Cold Heart - PNAU Remix,Ligia,,,X,
https://open.spotify.com/track/6JIC3hbC28JZKZ8AlAqX8h?si=c955150f33b54f1b,"Elton John, Dua Lipa, PNAU",Cold Heart - PNAU Remix,Ligia,,,X,
https://open.spotify.com/track/6JIC3hbC28JZKZ8AlAqX8h?si=c955150f33b54f1b,"Elton John, Dua Lipa, PNAU",Cold Heart - PNAU Remix,Ligia,Stu,Gabby,,
https://open.spotify.com/track/6JIC3hbC28JZKZ8AlAqX8h?si=c955150f33b54f1b,"Elton John, Dua Lipa, PNAU",Cold Heart - PNAU Remix,Ligia,Ligia,Ana,,
https://open.spotify.com/track/5SVnHr2m1WbF62aRJPxBeh?si=5d47724550244971,"Subcarpati, Surorile Osianu",Colind,Ana,,,,
https://open.spotify.com/track/5SVnHr2m1WbF62aRJPxBeh?si=5d47724550244971,"Subcarpati, Surorile Osianu",Colind,Ana,Stephan,Ana,,
https://open.spotify.com/track/5SVnHr2m1WbF62aRJPxBeh?si=5d47724550244971,"Subcarpati, Surorile Osianu",Colind,Ana,Ligia,Ligia,,
https://open.spotify.com/track/5SVnHr2m1WbF62aRJPxBeh?si=5d47724550244971,"Subcarpati, Surorile Osianu",Colind,Ana,Stephan,Ana,,
https://open.spotify.com/track/5SVnHr2m1WbF62aRJPxBeh?si=5d47724550244971,"Subcarpati, Surorile Osianu",Colind,Ana,,,,
https://open.spotify.com/track/5SVnHr2m1WbF62aRJPxBeh?si=5d47724550244971,"Subcarpati, Surorile Osianu",Colind,Ana,Ligia,Ligia,,
https://open.spotify.com/track/5SVnHr2m1WbF62aRJPxBeh?si=5d47724550244971,"Subcarpati, Surorile Osianu",Colind,Ana,Tess,Stephan,,
https://open.spotify.com/track/5SVnHr2m1WbF62aRJPxBeh?si=5d47724550244971,"Subcarpati, Surorile Osianu",Colind,Ana,,,,
https://open.spotify.com/track/5SVnHr2m1WbF62aRJPxBeh?si=5d47724550244971,"Subcarpati, Surorile Osianu",Colind,Ana,,,,
https://open.spotify.com/track/5SVnHr2m1WbF62aRJPxBeh?si=5d47724550244971,"Subcarpati, Surorile Osianu",Colind,Ana,Stu,Ana,,
https://open.spotify.com/track/5SVnHr2m1WbF62aRJPxBeh?si=5d47724550244971,"Subcarpati, Surorile Osianu",Colind,Ana,Ligia,Ligia,,
https://open.spotify.com/track/6FPw780c3azvSQXDuV5Z52?si=d18cf0ba4ef245c1,St Vincent,Cruel,Tess,,,,
https://open.spotify.com/track/6FPw780c3azvSQXDuV5Z52?si=d18cf0ba4ef245c1,St Vincent,Cruel,Tess,Stephan,Antonio,,
https://open.spotify.com/track/6FPw780c3azvSQXDuV5Z52?si=d18cf0ba4ef245c1,St Vincent,Cruel,Tess,Ligia,Stephan,,
https://open.spotify.com/track/6FPw780c3azvSQXDuV5Z52?si=d18cf0ba4ef245c1,St Vincent,Cruel,Tess,Stephan,Antonio,,
https://open.spotify.com/track/6FPw780c3azvSQXDuV5Z52?si=d18cf0ba4ef245c1,St Vincent,Cruel,Tess,,,,
https://open.spotify.com/track/6FPw780c3azvSQXDuV5Z52?si=d18cf0ba4ef245c1,St Vincent,Cruel,Tess,Ligia,Stephan,,
https://open.spotify.com/track/6FPw780c3azvSQXDuV5Z52?si=d18cf0ba4ef245c1,St Vincent,Cruel,Tess,Tess,Tess,X,
https://open.spotify.com/track/6FPw780c3azvSQXDuV5Z52?si=d18cf0ba4ef245c1,St Vincent,Cruel,Tess,,,,
https://open.spotify.com/track/6FPw780c3azvSQXDuV5Z52?si=d18cf0ba4ef245c1,St Vincent,Cruel,Tess,,,,
https://open.spotify.com/track/6FPw780c3azvSQXDuV5Z52?si=d18cf0ba4ef245c1,St Vincent,Cruel,Tess,Stu,Gabby,,X
https://open.spotify.com/track/6FPw780c3azvSQXDuV5Z52?si=d18cf0ba4ef245c1,St Vincent,Cruel,Tess,Ligia,Stephan,,
https://open.spotify.com/track/1muAbjOc80ZEmPBBlP52Ur?si=684e0c6fad6e48ef,Arzu,Dostum Dostum,Stephan,,,,
https://open.spotify.com/track/1muAbjOc80ZEmPBBlP52Ur?si=684e0c6fad6e48ef,Arzu,Dostum Dostum,Stephan,Stephan,Ligia,,
https://open.spotify.com/track/1muAbjOc80ZEmPBBlP52Ur?si=684e0c6fad6e48ef,Arzu,Dostum Dostum,Stephan,Ligia,Gabby,,
https://open.spotify.com/track/1muAbjOc80ZEmPBBlP52Ur?si=684e0c6fad6e48ef,Arzu,Dostum Dostum,Stephan,Stephan,Ligia,,
https://open.spotify.com/track/1muAbjOc80ZEmPBBlP52Ur?si=684e0c6fad6e48ef,Arzu,Dostum Dostum,Stephan,,,,
https://open.spotify.com/track/1muAbjOc80ZEmPBBlP52Ur?si=684e0c6fad6e48ef,Arzu,Dostum Dostum,Stephan,Ligia,Gabby,,
https://open.spotify.com/track/1muAbjOc80ZEmPBBlP52Ur?si=684e0c6fad6e48ef,Arzu,Dostum Dostum,Stephan,Tess,Stu,,
https://open.spotify.com/track/1muAbjOc80ZEmPBBlP52Ur?si=684e0c6fad6e48ef,Arzu,Dostum Dostum,Stephan,,,,
https://open.spotify.com/track/1muAbjOc80ZEmPBBlP52Ur?si=684e0c6fad6e48ef,Arzu,Dostum Dostum,Stephan,,,,
https://open.spotify.com/track/1muAbjOc80ZEmPBBlP52Ur?si=684e0c6fad6e48ef,Arzu,Dostum Dostum,Stephan,Stu,,,
https://open.spotify.com/track/1muAbjOc80ZEmPBBlP52Ur?si=684e0c6fad6e48ef,Arzu,Dostum Dostum,Stephan,Ligia,Gabby,,
https://open.spotify.com/track/1LOZMYF5s8qhW7Rv4w2gun?si=54c202b8e91b4798 ,10cc,Dreadlock Holiday,Rich,,,,
https://open.spotify.com/track/1LOZMYF5s8qhW7Rv4w2gun?si=54c202b8e91b4798 ,10cc,Dreadlock Holiday,Rich,Stephan,Rich,,
https://open.spotify.com/track/1LOZMYF5s8qhW7Rv4w2gun?si=54c202b8e91b4798 ,10cc,Dreadlock Holiday,Rich,Ligia,,,
https://open.spotify.com/track/1LOZMYF5s8qhW7Rv4w2gun?si=54c202b8e91b4798 ,10cc,Dreadlock Holiday,Rich,Stephan,Rich,,
https://open.spotify.com/track/1LOZMYF5s8qhW7Rv4w2gun?si=54c202b8e91b4798 ,10cc,Dreadlock Holiday,Rich,,,,
https://open.spotify.com/track/1LOZMYF5s8qhW7Rv4w2gun?si=54c202b8e91b4798 ,10cc,Dreadlock Holiday,Rich,Ligia,,,
https://open.spotify.com/track/1LOZMYF5s8qhW7Rv4w2gun?si=54c202b8e91b4798 ,10cc,Dreadlock Holiday,Rich,Tess,Ligia,,
https://open.spotify.com/track/1LOZMYF5s8qhW7Rv4w2gun?si=54c202b8e91b4798 ,10cc,Dreadlock Holiday,Rich,,,,
https://open.spotify.com/track/1LOZMYF5s8qhW7Rv4w2gun?si=54c202b8e91b4798 ,10cc,Dreadlock Holiday,Rich,,,,
https://open.spotify.com/track/1LOZMYF5s8qhW7Rv4w2gun?si=54c202b8e91b4798 ,10cc,Dreadlock Holiday,Rich,Stu,Stu,,
https://open.spotify.com/track/1LOZMYF5s8qhW7Rv4w2gun?si=54c202b8e91b4798 ,10cc,Dreadlock Holiday,Rich,Ligia,,,
https://open.spotify.com/track/1DIXPcTDzTj8ZMHt3PDt8p?si=3ee4ae3f804f4616,Coolio,Gangsta's Paradise,Ana,,,,
https://open.spotify.com/track/1DIXPcTDzTj8ZMHt3PDt8p?si=3ee4ae3f804f4616,Coolio,Gangsta's Paradise,Ana,Stephan,Gabby,,
https://open.spotify.com/track/1DIXPcTDzTj8ZMHt3PDt8p?si=3ee4ae3f804f4616,Coolio,Gangsta's Paradise,Ana,Ligia,Ana,,
https://open.spotify.com/track/1DIXPcTDzTj8ZMHt3PDt8p?si=3ee4ae3f804f4616,Coolio,Gangsta's Paradise,Ana,Stephan,Gabby,,
https://open.spotify.com/track/1DIXPcTDzTj8ZMHt3PDt8p?si=3ee4ae3f804f4616,Coolio,Gangsta's Paradise,Ana,,,,
https://open.spotify.com/track/1DIXPcTDzTj8ZMHt3PDt8p?si=3ee4ae3f804f4616,Coolio,Gangsta's Paradise,Ana,Ligia,Ana,,
https://open.spotify.com/track/1DIXPcTDzTj8ZMHt3PDt8p?si=3ee4ae3f804f4616,Coolio,Gangsta's Paradise,Ana,Tess,,,X
https://open.spotify.com/track/1DIXPcTDzTj8ZMHt3PDt8p?si=3ee4ae3f804f4616,Coolio,Gangsta's Paradise,Ana,,,,
https://open.spotify.com/track/1DIXPcTDzTj8ZMHt3PDt8p?si=3ee4ae3f804f4616,Coolio,Gangsta's Paradise,Ana,,,,
https://open.spotify.com/track/1DIXPcTDzTj8ZMHt3PDt8p?si=3ee4ae3f804f4616,Coolio,Gangsta's Paradise,Ana,Stu,Stu,,
https://open.spotify.com/track/1DIXPcTDzTj8ZMHt3PDt8p?si=3ee4ae3f804f4616,Coolio,Gangsta's Paradise,Ana,Ligia,Ana,,
https://open.spotify.com/track/1sG7HS1giw6Wl9TV4M9xDI?si=d16694ab7d984558,Photek,Glamourama,Stephan,,,,
https://open.spotify.com/track/1sG7HS1giw6Wl9TV4M9xDI?si=d16694ab7d984558,Photek,Glamourama,Stephan,Stephan,Stephan,,
https://open.spotify.com/track/1sG7HS1giw6Wl9TV4M9xDI?si=d16694ab7d984558,Photek,Glamourama,Stephan,Ligia,Gabby,,
https://open.spotify.com/track/1sG7HS1giw6Wl9TV4M9xDI?si=d16694ab7d984558,Photek,Glamourama,Stephan,Stephan,Stephan,,
https://open.spotify.com/track/1sG7HS1giw6Wl9TV4M9xDI?si=d16694ab7d984558,Photek,Glamourama,Stephan,,,,
https://open.spotify.com/track/1sG7HS1giw6Wl9TV4M9xDI?si=d16694ab7d984558,Photek,Glamourama,Stephan,Ligia,Gabby,,
https://open.spotify.com/track/1sG7HS1giw6Wl9TV4M9xDI?si=d16694ab7d984558,Photek,Glamourama,Stephan,Tess,Gabby,,
https://open.spotify.com/track/1sG7HS1giw6Wl9TV4M9xDI?si=d16694ab7d984558,Photek,Glamourama,Stephan,,,,
https://open.spotify.com/track/1sG7HS1giw6Wl9TV4M9xDI?si=d16694ab7d984558,Photek,Glamourama,Stephan,,,,
https://open.spotify.com/track/1sG7HS1giw6Wl9TV4M9xDI?si=d16694ab7d984558,Photek,Glamourama,Stephan,Stu,,,
https://open.spotify.com/track/1sG7HS1giw6Wl9TV4M9xDI?si=d16694ab7d984558,Photek,Glamourama,Stephan,Ligia,Gabby,,
https://open.spotify.com/track/5ODinRgSeHlL2Egqe3DKmb?si=b1eee7a8c75e480e,Remi Wolf,Grumpy Old Man,Stu,,,,
https://open.spotify.com/track/5ODinRgSeHlL2Egqe3DKmb?si=b1eee7a8c75e480e,Remi Wolf,Grumpy Old Man,Stu,Stephan,Tess,X,
https://open.spotify.com/track/5ODinRgSeHlL2Egqe3DKmb?si=b1eee7a8c75e480e,Remi Wolf,Grumpy Old Man,Stu,Ligia,Ana,,
https://open.spotify.com/track/5ODinRgSeHlL2Egqe3DKmb?si=b1eee7a8c75e480e,Remi Wolf,Grumpy Old Man,Stu,Stephan,Tess,X,
https://open.spotify.com/track/5ODinRgSeHlL2Egqe3DKmb?si=b1eee7a8c75e480e,Remi Wolf,Grumpy Old Man,Stu,,,,
https://open.spotify.com/track/5ODinRgSeHlL2Egqe3DKmb?si=b1eee7a8c75e480e,Remi Wolf,Grumpy Old Man,Stu,Ligia,Ana,,
https://open.spotify.com/track/5ODinRgSeHlL2Egqe3DKmb?si=b1eee7a8c75e480e,Remi Wolf,Grumpy Old Man,Stu,Tess,Ana,,
https://open.spotify.com/track/5ODinRgSeHlL2Egqe3DKmb?si=b1eee7a8c75e480e,Remi Wolf,Grumpy Old Man,Stu,,,,
https://open.spotify.com/track/5ODinRgSeHlL2Egqe3DKmb?si=b1eee7a8c75e480e,Remi Wolf,Grumpy Old Man,Stu,,,,
https://open.spotify.com/track/5ODinRgSeHlL2Egqe3DKmb?si=b1eee7a8c75e480e,Remi Wolf,Grumpy Old Man,Stu,Stu,Tess,X,
https://open.spotify.com/track/5ODinRgSeHlL2Egqe3DKmb?si=b1eee7a8c75e480e,Remi Wolf,Grumpy Old Man,Stu,Ligia,Ana,,
https://open.spotify.com/track/3rh495Z2rIRwD316blea4f?si=-7UO-Ra-Qv6FYV3C4oSfqQ,Tom Misch,Happy Music,Ligia,,,,
https://open.spotify.com/track/3rh495Z2rIRwD316blea4f?si=-7UO-Ra-Qv6FYV3C4oSfqQ,Tom Misch,Happy Music,Ligia,Stephan,Ligia,,
https://open.spotify.com/track/3rh495Z2rIRwD316blea4f?si=-7UO-Ra-Qv6FYV3C4oSfqQ,Tom Misch,Happy Music,Ligia,Ligia,Stu,,
https://open.spotify.com/track/3rh495Z2rIRwD316blea4f?si=-7UO-Ra-Qv6FYV3C4oSfqQ,Tom Misch,Happy Music,Ligia,Stephan,Ligia,,
https://open.spotify.com/track/3rh495Z2rIRwD316blea4f?si=-7UO-Ra-Qv6FYV3C4oSfqQ,Tom Misch,Happy Music,Ligia,,,,
https://open.spotify.com/track/3rh495Z2rIRwD316blea4f?si=-7UO-Ra-Qv6FYV3C4oSfqQ,Tom Misch,Happy Music,Ligia,Ligia,Stu,,
https://open.spotify.com/track/3rh495Z2rIRwD316blea4f?si=-7UO-Ra-Qv6FYV3C4oSfqQ,Tom Misch,Happy Music,Ligia,Tess,Ligia,X,
https://open.spotify.com/track/3rh495Z2rIRwD316blea4f?si=-7UO-Ra-Qv6FYV3C4oSfqQ,Tom Misch,Happy Music,Ligia,,,,
https://open.spotify.com/track/3rh495Z2rIRwD316blea4f?si=-7UO-Ra-Qv6FYV3C4oSfqQ,Tom Misch,Happy Music,Ligia,,,,
https://open.spotify.com/track/3rh495Z2rIRwD316blea4f?si=-7UO-Ra-Qv6FYV3C4oSfqQ,Tom Misch,Happy Music,Ligia,Stu,Gabby,,
https://open.spotify.com/track/3rh495Z2rIRwD316blea4f?si=-7UO-Ra-Qv6FYV3C4oSfqQ,Tom Misch,Happy Music,Ligia,Ligia,Stu,,
https://open.spotify.com/track/6CDzDgIUqeDY5g8ujExx2f?si=9692e817e16e403a,Glass Animals,Heat Waves,Gabby,,,,
https://open.spotify.com/track/6CDzDgIUqeDY5g8ujExx2f?si=9692e817e16e403a,Glass Animals,Heat Waves,Gabby,Stephan,Gabby,,
https://open.spotify.com/track/6CDzDgIUqeDY5g8ujExx2f?si=9692e817e16e403a,Glass Animals,Heat Waves,Gabby,Ligia,Gabby,,
https://open.spotify.com/track/6CDzDgIUqeDY5g8ujExx2f?si=9692e817e16e403a,Glass Animals,Heat Waves,Gabby,Stephan,Gabby,,
https://open.spotify.com/track/6CDzDgIUqeDY5g8ujExx2f?si=9692e817e16e403a,Glass Animals,Heat Waves,Gabby,,,,
https://open.spotify.com/track/6CDzDgIUqeDY5g8ujExx2f?si=9692e817e16e403a,Glass Animals,Heat Waves,Gabby,Ligia,Gabby,,
https://open.spotify.com/track/6CDzDgIUqeDY5g8ujExx2f?si=9692e817e16e403a,Glass Animals,Heat Waves,Gabby,Tess,Rich,,
https://open.spotify.com/track/6CDzDgIUqeDY5g8ujExx2f?si=9692e817e16e403a,Glass Animals,Heat Waves,Gabby,,,,
https://open.spotify.com/track/6CDzDgIUqeDY5g8ujExx2f?si=9692e817e16e403a,Glass Animals,Heat Waves,Gabby,,,,
https://open.spotify.com/track/6CDzDgIUqeDY5g8ujExx2f?si=9692e817e16e403a,Glass Animals,Heat Waves,Gabby,Stu,Ligia,,
https://open.spotify.com/track/6CDzDgIUqeDY5g8ujExx2f?si=9692e817e16e403a,Glass Animals,Heat Waves,Gabby,Ligia,Gabby,,
https://open.spotify.com/track/34wcz4mpAActEc6gtqX3wz?si=4Q9pq6E1TW6jjBktPJsJrQ,Jungle,"Heavy, California",Ligia,,,X,
https://open.spotify.com/track/34wcz4mpAActEc6gtqX3wz?si=4Q9pq6E1TW6jjBktPJsJrQ,Jungle,"Heavy, California",Ligia,Stephan,Stu,,
https://open.spotify.com/track/34wcz4mpAActEc6gtqX3wz?si=4Q9pq6E1TW6jjBktPJsJrQ,Jungle,"Heavy, California",Ligia,Ligia,Stu,,
https://open.spotify.com/track/34wcz4mpAActEc6gtqX3wz?si=4Q9pq6E1TW6jjBktPJsJrQ,Jungle,"Heavy, California",Ligia,Stephan,Stu,,
https://open.spotify.com/track/34wcz4mpAActEc6gtqX3wz?si=4Q9pq6E1TW6jjBktPJsJrQ,Jungle,"Heavy, California",Ligia,,,X,
https://open.spotify.com/track/34wcz4mpAActEc6gtqX3wz?si=4Q9pq6E1TW6jjBktPJsJrQ,Jungle,"Heavy, California",Ligia,Ligia,Stu,,
https://open.spotify.com/track/34wcz4mpAActEc6gtqX3wz?si=4Q9pq6E1TW6jjBktPJsJrQ,Jungle,"Heavy, California",Ligia,Tess,Ana,,
https://open.spotify.com/track/34wcz4mpAActEc6gtqX3wz?si=4Q9pq6E1TW6jjBktPJsJrQ,Jungle,"Heavy, California",Ligia,,,X,
https://open.spotify.com/track/34wcz4mpAActEc6gtqX3wz?si=4Q9pq6E1TW6jjBktPJsJrQ,Jungle,"Heavy, California",Ligia,,,X,
https://open.spotify.com/track/34wcz4mpAActEc6gtqX3wz?si=4Q9pq6E1TW6jjBktPJsJrQ,Jungle,"Heavy, California",Ligia,Stu,Gabby,,
https://open.spotify.com/track/34wcz4mpAActEc6gtqX3wz?si=4Q9pq6E1TW6jjBktPJsJrQ,Jungle,"Heavy, California",Ligia,Ligia,Stu,,
https://open.spotify.com/track/6UEfyhyfhYQsyipxOd95Ie?si=008ed180e4864d15,Las Ketchup,Hijas del Tomate,Ana,,,,
https://open.spotify.com/track/6UEfyhyfhYQsyipxOd95Ie?si=008ed180e4864d15,Las Ketchup,Hijas del Tomate,Ana,Stephan,Ligia,,
https://open.spotify.com/track/6UEfyhyfhYQsyipxOd95Ie?si=008ed180e4864d15,Las Ketchup,Hijas del Tomate,Ana,Ligia,Ligia,,
https://open.spotify.com/track/6UEfyhyfhYQsyipxOd95Ie?si=008ed180e4864d15,Las Ketchup,Hijas del Tomate,Ana,Stephan,Ligia,,
https://open.spotify.com/track/6UEfyhyfhYQsyipxOd95Ie?si=008ed180e4864d15,Las Ketchup,Hijas del Tomate,Ana,,,,
https://open.spotify.com/track/6UEfyhyfhYQsyipxOd95Ie?si=008ed180e4864d15,Las Ketchup,Hijas del Tomate,Ana,Ligia,Ligia,,
https://open.spotify.com/track/6UEfyhyfhYQsyipxOd95Ie?si=008ed180e4864d15,Las Ketchup,Hijas del Tomate,Ana,Tess,Stu,,X
https://open.spotify.com/track/6UEfyhyfhYQsyipxOd95Ie?si=008ed180e4864d15,Las Ketchup,Hijas del Tomate,Ana,,,,
https://open.spotify.com/track/6UEfyhyfhYQsyipxOd95Ie?si=008ed180e4864d15,Las Ketchup,Hijas del Tomate,Ana,,,,
https://open.spotify.com/track/6UEfyhyfhYQsyipxOd95Ie?si=008ed180e4864d15,Las Ketchup,Hijas del Tomate,Ana,Stu,Ligia,,
https://open.spotify.com/track/6UEfyhyfhYQsyipxOd95Ie?si=008ed180e4864d15,Las Ketchup,Hijas del Tomate,Ana,Ligia,Ligia,,
https://open.spotify.com/track/3SjAiqAQ6sMmsJBeVw0nMf?si=FsxlWIBZSPC_hHMAaRCd4g,"PJ Morton, Yebba",How Deep Is Your Love (feat Yebba) - Live,Ligia,,,,
https://open.spotify.com/track/3SjAiqAQ6sMmsJBeVw0nMf?si=FsxlWIBZSPC_hHMAaRCd4g,"PJ Morton, Yebba",How Deep Is Your Love (feat Yebba) - Live,Ligia,Stephan,Ana,,
https://open.spotify.com/track/3SjAiqAQ6sMmsJBeVw0nMf?si=FsxlWIBZSPC_hHMAaRCd4g,"PJ Morton, Yebba",How Deep Is Your Love (feat Yebba) - Live,Ligia,Ligia,Antonio,,
https://open.spotify.com/track/3SjAiqAQ6sMmsJBeVw0nMf?si=FsxlWIBZSPC_hHMAaRCd4g,"PJ Morton, Yebba",How Deep Is Your Love (feat Yebba) - Live,Ligia,Stephan,Ana,,
https://open.spotify.com/track/3SjAiqAQ6sMmsJBeVw0nMf?si=FsxlWIBZSPC_hHMAaRCd4g,"PJ Morton, Yebba",How Deep Is Your Love (feat Yebba) - Live,Ligia,,,,
https://open.spotify.com/track/3SjAiqAQ6sMmsJBeVw0nMf?si=FsxlWIBZSPC_hHMAaRCd4g,"PJ Morton, Yebba",How Deep Is Your Love (feat Yebba) - Live,Ligia,Ligia,Antonio,,
https://open.spotify.com/track/3SjAiqAQ6sMmsJBeVw0nMf?si=FsxlWIBZSPC_hHMAaRCd4g,"PJ Morton, Yebba",How Deep Is Your Love (feat Yebba) - Live,Ligia,Tess,Rich,,
https://open.spotify.com/track/3SjAiqAQ6sMmsJBeVw0nMf?si=FsxlWIBZSPC_hHMAaRCd4g,"PJ Morton, Yebba",How Deep Is Your Love (feat Yebba) - Live,Ligia,,,,
https://open.spotify.com/track/3SjAiqAQ6sMmsJBeVw0nMf?si=FsxlWIBZSPC_hHMAaRCd4g,"PJ Morton, Yebba",How Deep Is Your Love (feat Yebba) - Live,Ligia,,,,
https://open.spotify.com/track/3SjAiqAQ6sMmsJBeVw0nMf?si=FsxlWIBZSPC_hHMAaRCd4g,"PJ Morton, Yebba",How Deep Is Your Love (feat Yebba) - Live,Ligia,Stu,Tess,,
https://open.spotify.com/track/3SjAiqAQ6sMmsJBeVw0nMf?si=FsxlWIBZSPC_hHMAaRCd4g,"PJ Morton, Yebba",How Deep Is Your Love (feat Yebba) - Live,Ligia,Ligia,Antonio,,
https://open.spotify.com/track/0pJW1Xw3aY4Eh6k5iuBkfI?si=02c2da882cfd42a8,Phoebe Bridgers,I Know The End,Tess,,,,
https://open.spotify.com/track/0pJW1Xw3aY4Eh6k5iuBkfI?si=02c2da882cfd42a8,Phoebe Bridgers,I Know The End,Tess,Stephan,Stu,,
https://open.spotify.com/track/0pJW1Xw3aY4Eh6k5iuBkfI?si=02c2da882cfd42a8,Phoebe Bridgers,I Know The End,Tess,Ligia,Tess,,
https://open.spotify.com/track/0pJW1Xw3aY4Eh6k5iuBkfI?si=02c2da882cfd42a8,Phoebe Bridgers,I Know The End,Tess,Stephan,Stu,,
https://open.spotify.com/track/0pJW1Xw3aY4Eh6k5iuBkfI?si=02c2da882cfd42a8,Phoebe Bridgers,I Know The End,Tess,,,,
https://open.spotify.com/track/0pJW1Xw3aY4Eh6k5iuBkfI?si=02c2da882cfd42a8,Phoebe Bridgers,I Know The End,Tess,Ligia,Tess,,
https://open.spotify.com/track/0pJW1Xw3aY4Eh6k5iuBkfI?si=02c2da882cfd42a8,Phoebe Bridgers,I Know The End,Tess,Tess,Ana,,
https://open.spotify.com/track/0pJW1Xw3aY4Eh6k5iuBkfI?si=02c2da882cfd42a8,Phoebe Bridgers,I Know The End,Tess,,,,
https://open.spotify.com/track/0pJW1Xw3aY4Eh6k5iuBkfI?si=02c2da882cfd42a8,Phoebe Bridgers,I Know The End,Tess,,,,
https://open.spotify.com/track/0pJW1Xw3aY4Eh6k5iuBkfI?si=02c2da882cfd42a8,Phoebe Bridgers,I Know The End,Tess,Stu,Tess,,
https://open.spotify.com/track/0pJW1Xw3aY4Eh6k5iuBkfI?si=02c2da882cfd42a8,Phoebe Bridgers,I Know The End,Tess,Ligia,Tess,,
https://open.spotify.com/track/0XojxMBITidQ9aYYYDrOqh?si=9a1660ac8df74972,Pink Floyd,Ibiza Bar,Antonio,,,,
https://open.spotify.com/track/0XojxMBITidQ9aYYYDrOqh?si=9a1660ac8df74972,Pink Floyd,Ibiza Bar,Antonio,Stephan,Stephan,,
https://open.spotify.com/track/0XojxMBITidQ9aYYYDrOqh?si=9a1660ac8df74972,Pink Floyd,Ibiza Bar,Antonio,Ligia,Stu,,
https://open.spotify.com/track/0XojxMBITidQ9aYYYDrOqh?si=9a1660ac8df74972,Pink Floyd,Ibiza Bar,Antonio,Stephan,Stephan,,
https://open.spotify.com/track/0XojxMBITidQ9aYYYDrOqh?si=9a1660ac8df74972,Pink Floyd,Ibiza Bar,Antonio,,,,
https://open.spotify.com/track/0XojxMBITidQ9aYYYDrOqh?si=9a1660ac8df74972,Pink Floyd,Ibiza Bar,Antonio,Ligia,Stu,,
https://open.spotify.com/track/0XojxMBITidQ9aYYYDrOqh?si=9a1660ac8df74972,Pink Floyd,Ibiza Bar,Antonio,Tess,,,
https://open.spotify.com/track/0XojxMBITidQ9aYYYDrOqh?si=9a1660ac8df74972,Pink Floyd,Ibiza Bar,Antonio,,,,
https://open.spotify.com/track/0XojxMBITidQ9aYYYDrOqh?si=9a1660ac8df74972,Pink Floyd,Ibiza Bar,Antonio,,,,
https://open.spotify.com/track/0XojxMBITidQ9aYYYDrOqh?si=9a1660ac8df74972,Pink Floyd,Ibiza Bar,Antonio,Stu,Rich,,X
https://open.spotify.com/track/0XojxMBITidQ9aYYYDrOqh?si=9a1660ac8df74972,Pink Floyd,Ibiza Bar,Antonio,Ligia,Stu,,
https://open.spotify.com/track/3WtsQAngIkmcNeqVeK3fXQ?si=7b6530370d604b2c,Opeth,In My Time Of Need,Anna,,,,
https://open.spotify.com/track/3WtsQAngIkmcNeqVeK3fXQ?si=7b6530370d604b2c,Opeth,In My Time Of Need,Anna,Stephan,,,
https://open.spotify.com/track/3WtsQAngIkmcNeqVeK3fXQ?si=7b6530370d604b2c,Opeth,In My Time Of Need,Anna,Ligia,Anna,,
https://open.spotify.com/track/3WtsQAngIkmcNeqVeK3fXQ?si=7b6530370d604b2c,Opeth,In My Time Of Need,Anna,Stephan,,,
https://open.spotify.com/track/3WtsQAngIkmcNeqVeK3fXQ?si=7b6530370d604b2c,Opeth,In My Time Of Need,Anna,,,,
https://open.spotify.com/track/3WtsQAngIkmcNeqVeK3fXQ?si=7b6530370d604b2c,Opeth,In My Time Of Need,Anna,Ligia,Anna,,
https://open.spotify.com/track/3WtsQAngIkmcNeqVeK3fXQ?si=7b6530370d604b2c,Opeth,In My Time Of Need,Anna,Tess,Anna,,
https://open.spotify.com/track/3WtsQAngIkmcNeqVeK3fXQ?si=7b6530370d604b2c,Opeth,In My Time Of Need,Anna,,,,
https://open.spotify.com/track/3WtsQAngIkmcNeqVeK3fXQ?si=7b6530370d604b2c,Opeth,In My Time Of Need,Anna,,,,
https://open.spotify.com/track/3WtsQAngIkmcNeqVeK3fXQ?si=7b6530370d604b2c,Opeth,In My Time Of Need,Anna,Stu,,,
https://open.spotify.com/track/3WtsQAngIkmcNeqVeK3fXQ?si=7b6530370d604b2c,Opeth,In My Time Of Need,Anna,Ligia,Anna,,
https://open.spotify.com/track/1TRXjzFQvzHI6X4f6MCYI9?si=25269f5afd1844e2,Last Night of the Proms,Jupiter (From The Planets),Tess,,,,
https://open.spotify.com/track/1TRXjzFQvzHI6X4f6MCYI9?si=25269f5afd1844e2,Last Night of the Proms,Jupiter (From The Planets),Tess,Stephan,Antonio,,
https://open.spotify.com/track/1TRXjzFQvzHI6X4f6MCYI9?si=25269f5afd1844e2,Last Night of the Proms,Jupiter (From The Planets),Tess,Ligia,Antonio,,
https://open.spotify.com/track/1TRXjzFQvzHI6X4f6MCYI9?si=25269f5afd1844e2,Last Night of the Proms,Jupiter (From The Planets),Tess,Stephan,Antonio,,
https://open.spotify.com/track/1TRXjzFQvzHI6X4f6MCYI9?si=25269f5afd1844e2,Last Night of the Proms,Jupiter (From The Planets),Tess,,,,
https://open.spotify.com/track/1TRXjzFQvzHI6X4f6MCYI9?si=25269f5afd1844e2,Last Night of the Proms,Jupiter (From The Planets),Tess,Ligia,Antonio,,
https://open.spotify.com/track/1TRXjzFQvzHI6X4f6MCYI9?si=25269f5afd1844e2,Last Night of the Proms,Jupiter (From The Planets),Tess,Tess,Stephan,,
https://open.spotify.com/track/1TRXjzFQvzHI6X4f6MCYI9?si=25269f5afd1844e2,Last Night of the Proms,Jupiter (From The Planets),Tess,,,,
https://open.spotify.com/track/1TRXjzFQvzHI6X4f6MCYI9?si=25269f5afd1844e2,Last Night of the Proms,Jupiter (From The Planets),Tess,,,,
https://open.spotify.com/track/1TRXjzFQvzHI6X4f6MCYI9?si=25269f5afd1844e2,Last Night of the Proms,Jupiter (From The Planets),Tess,Stu,Antonio,,
https://open.spotify.com/track/1TRXjzFQvzHI6X4f6MCYI9?si=25269f5afd1844e2,Last Night of the Proms,Jupiter (From The Planets),Tess,Ligia,Antonio,,
https://open.spotify.com/track/3YKptz29AsOlm7WAVnztBh?si=c06b30e966f64524,Seal,Kiss from a Rose,Stephan,,,,
https://open.spotify.com/track/3YKptz29AsOlm7WAVnztBh?si=c06b30e966f64524,Seal,Kiss from a Rose,Stephan,Stephan,Stu,X,
https://open.spotify.com/track/3YKptz29AsOlm7WAVnztBh?si=c06b30e966f64524,Seal,Kiss from a Rose,Stephan,Ligia,Stu,,
https://open.spotify.com/track/3YKptz29AsOlm7WAVnztBh?si=c06b30e966f64524,Seal,Kiss from a Rose,Stephan,Stephan,Stu,X,
https://open.spotify.com/track/3YKptz29AsOlm7WAVnztBh?si=c06b30e966f64524,Seal,Kiss from a Rose,Stephan,,,,
https://open.spotify.com/track/3YKptz29AsOlm7WAVnztBh?si=c06b30e966f64524,Seal,Kiss from a Rose,Stephan,Ligia,Stu,,
https://open.spotify.com/track/3YKptz29AsOlm7WAVnztBh?si=c06b30e966f64524,Seal,Kiss from a Rose,Stephan,Tess,Ligia,,
https://open.spotify.com/track/3YKptz29AsOlm7WAVnztBh?si=c06b30e966f64524,Seal,Kiss from a Rose,Stephan,,,,
https://open.spotify.com/track/3YKptz29AsOlm7WAVnztBh?si=c06b30e966f64524,Seal,Kiss from a Rose,Stephan,,,,
https://open.spotify.com/track/3YKptz29AsOlm7WAVnztBh?si=c06b30e966f64524,Seal,Kiss from a Rose,Stephan,Stu,,,
https://open.spotify.com/track/3YKptz29AsOlm7WAVnztBh?si=c06b30e966f64524,Seal,Kiss from a Rose,Stephan,Ligia,Stu,,
https://open.spotify.com/track/7CGkR8BkFkvzrEXWYWB9gw?si=08237acb8a384351,Mall Grab,Love Reigns,Ligia,,,X,
https://open.spotify.com/track/7CGkR8BkFkvzrEXWYWB9gw?si=08237acb8a384351,Mall Grab,Love Reigns,Ligia,Stephan,Tess,,
https://open.spotify.com/track/7CGkR8BkFkvzrEXWYWB9gw?si=08237acb8a384351,Mall Grab,Love Reigns,Ligia,Ligia,Tess,,
https://open.spotify.com/track/7CGkR8BkFkvzrEXWYWB9gw?si=08237acb8a384351,Mall Grab,Love Reigns,Ligia,Stephan,Tess,,
https://open.spotify.com/track/7CGkR8BkFkvzrEXWYWB9gw?si=08237acb8a384351,Mall Grab,Love Reigns,Ligia,,,X,
https://open.spotify.com/track/7CGkR8BkFkvzrEXWYWB9gw?si=08237acb8a384351,Mall Grab,Love Reigns,Ligia,Ligia,Tess,,
https://open.spotify.com/track/7CGkR8BkFkvzrEXWYWB9gw?si=08237acb8a384351,Mall Grab,Love Reigns,Ligia,Tess,Gabby,,
https://open.spotify.com/track/7CGkR8BkFkvzrEXWYWB9gw?si=08237acb8a384351,Mall Grab,Love Reigns,Ligia,,,X,
https://open.spotify.com/track/7CGkR8BkFkvzrEXWYWB9gw?si=08237acb8a384351,Mall Grab,Love Reigns,Ligia,,,X,
https://open.spotify.com/track/7CGkR8BkFkvzrEXWYWB9gw?si=08237acb8a384351,Mall Grab,Love Reigns,Ligia,Stu,Ana,,
https://open.spotify.com/track/7CGkR8BkFkvzrEXWYWB9gw?si=08237acb8a384351,Mall Grab,Love Reigns,Ligia,Ligia,Tess,,
https://open.spotify.com/track/5TgZ7lOUugOdabBcD9a6ud?si=R8EkQUj7QaeyKTgoYlkeeQ,"Tom Misch, Yussef Dayes, Freddie Gibbs",Nightrider,Ligia,,,,
https://open.spotify.com/track/5TgZ7lOUugOdabBcD9a6ud?si=R8EkQUj7QaeyKTgoYlkeeQ,"Tom Misch, Yussef Dayes, Freddie Gibbs",Nightrider,Ligia,Stephan,Ana,,
https://open.spotify.com/track/5TgZ7lOUugOdabBcD9a6ud?si=R8EkQUj7QaeyKTgoYlkeeQ,"Tom Misch, Yussef Dayes, Freddie Gibbs",Nightrider,Ligia,Ligia,Tess,,
https://open.spotify.com/track/5TgZ7lOUugOdabBcD9a6ud?si=R8EkQUj7QaeyKTgoYlkeeQ,"Tom Misch, Yussef Dayes, Freddie Gibbs",Nightrider,Ligia,Stephan,Ana,,
https://open.spotify.com/track/5TgZ7lOUugOdabBcD9a6ud?si=R8EkQUj7QaeyKTgoYlkeeQ,"Tom Misch, Yussef Dayes, Freddie Gibbs",Nightrider,Ligia,,,,
https://open.spotify.com/track/5TgZ7lOUugOdabBcD9a6ud?si=R8EkQUj7QaeyKTgoYlkeeQ,"Tom Misch, Yussef Dayes, Freddie Gibbs",Nightrider,Ligia,Ligia,Tess,,
https://open.spotify.com/track/5TgZ7lOUugOdabBcD9a6ud?si=R8EkQUj7QaeyKTgoYlkeeQ,"Tom Misch, Yussef Dayes, Freddie Gibbs",Nightrider,Ligia,Tess,Ligia,,
https://open.spotify.com/track/5TgZ7lOUugOdabBcD9a6ud?si=R8EkQUj7QaeyKTgoYlkeeQ,"Tom Misch, Yussef Dayes, Freddie Gibbs",Nightrider,Ligia,,,,
https://open.spotify.com/track/5TgZ7lOUugOdabBcD9a6ud?si=R8EkQUj7QaeyKTgoYlkeeQ,"Tom Misch, Yussef Dayes, Freddie Gibbs",Nightrider,Ligia,,,,
https://open.spotify.com/track/5TgZ7lOUugOdabBcD9a6ud?si=R8EkQUj7QaeyKTgoYlkeeQ,"Tom Misch, Yussef Dayes, Freddie Gibbs",Nightrider,Ligia,Stu,Tess,,
https://open.spotify.com/track/5TgZ7lOUugOdabBcD9a6ud?si=R8EkQUj7QaeyKTgoYlkeeQ,"Tom Misch, Yussef Dayes, Freddie Gibbs",Nightrider,Ligia,Ligia,Tess,,
https://open.spotify.com/track/5nNmj1cLH3r4aA4XDJ2bgY?si=00eea11b6f584482,"Earth, Wind, and Fire",September,Antonio,,,,
https://open.spotify.com/track/5nNmj1cLH3r4aA4XDJ2bgY?si=00eea11b6f584482,"Earth, Wind, and Fire",September,Antonio,Stephan,Stu,,
https://open.spotify.com/track/5nNmj1cLH3r4aA4XDJ2bgY?si=00eea11b6f584482,"Earth, Wind, and Fire",September,Antonio,Ligia,Stu,,
https://open.spotify.com/track/5nNmj1cLH3r4aA4XDJ2bgY?si=00eea11b6f584482,"Earth, Wind, and Fire",September,Antonio,Stephan,Stu,,
https://open.spotify.com/track/5nNmj1cLH3r4aA4XDJ2bgY?si=00eea11b6f584482,"Earth, Wind, and Fire",September,Antonio,,,,
https://open.spotify.com/track/5nNmj1cLH3r4aA4XDJ2bgY?si=00eea11b6f584482,"Earth, Wind, and Fire",September,Antonio,Ligia,Stu,,
https://open.spotify.com/track/5nNmj1cLH3r4aA4XDJ2bgY?si=00eea11b6f584482,"Earth, Wind, and Fire",September,Antonio,Tess,,,
https://open.spotify.com/track/5nNmj1cLH3r4aA4XDJ2bgY?si=00eea11b6f584482,"Earth, Wind, and Fire",September,Antonio,,,,
https://open.spotify.com/track/5nNmj1cLH3r4aA4XDJ2bgY?si=00eea11b6f584482,"Earth, Wind, and Fire",September,Antonio,,,,
https://open.spotify.com/track/5nNmj1cLH3r4aA4XDJ2bgY?si=00eea11b6f584482,"Earth, Wind, and Fire",September,Antonio,Stu,Rich,,
https://open.spotify.com/track/5nNmj1cLH3r4aA4XDJ2bgY?si=00eea11b6f584482,"Earth, Wind, and Fire",September,Antonio,Ligia,Stu,,
https://open.spotify.com/track/3SJWVMRwk5z4Uaff7kGs0d?si=b137a3c8b5374dc5 ,Foals,Spanish Sahara,Gabby,,,,
https://open.spotify.com/track/3SJWVMRwk5z4Uaff7kGs0d?si=b137a3c8b5374dc5 ,Foals,Spanish Sahara,Gabby,Stephan,Ana,,
https://open.spotify.com/track/3SJWVMRwk5z4Uaff7kGs0d?si=b137a3c8b5374dc5 ,Foals,Spanish Sahara,Gabby,Ligia,Stephan,,
https://open.spotify.com/track/3SJWVMRwk5z4Uaff7kGs0d?si=b137a3c8b5374dc5 ,Foals,Spanish Sahara,Gabby,Stephan,Ana,,
https://open.spotify.com/track/3SJWVMRwk5z4Uaff7kGs0d?si=b137a3c8b5374dc5 ,Foals,Spanish Sahara,Gabby,,,,
https://open.spotify.com/track/3SJWVMRwk5z4Uaff7kGs0d?si=b137a3c8b5374dc5 ,Foals,Spanish Sahara,Gabby,Ligia,Stephan,,
https://open.spotify.com/track/3SJWVMRwk5z4Uaff7kGs0d?si=b137a3c8b5374dc5 ,Foals,Spanish Sahara,Gabby,Tess,Rich,,
https://open.spotify.com/track/3SJWVMRwk5z4Uaff7kGs0d?si=b137a3c8b5374dc5 ,Foals,Spanish Sahara,Gabby,,,,
https://open.spotify.com/track/3SJWVMRwk5z4Uaff7kGs0d?si=b137a3c8b5374dc5 ,Foals,Spanish Sahara,Gabby,,,,
https://open.spotify.com/track/3SJWVMRwk5z4Uaff7kGs0d?si=b137a3c8b5374dc5 ,Foals,Spanish Sahara,Gabby,Stu,Gabby,,
https://open.spotify.com/track/3SJWVMRwk5z4Uaff7kGs0d?si=b137a3c8b5374dc5 ,Foals,Spanish Sahara,Gabby,Ligia,Stephan,,
https://open.spotify.com/track/7hzjWGFi2HKUGOXp1LiQ3V?si=678cde7fc5fd49a7,Diplo,Spicy,Stu,,,,
https://open.spotify.com/track/7hzjWGFi2HKUGOXp1LiQ3V?si=678cde7fc5fd49a7,Diplo,Spicy,Stu,Stephan,Ana,,
https://open.spotify.com/track/7hzjWGFi2HKUGOXp1LiQ3V?si=678cde7fc5fd49a7,Diplo,Spicy,Stu,Ligia,Ana,,
https://open.spotify.com/track/7hzjWGFi2HKUGOXp1LiQ3V?si=678cde7fc5fd49a7,Diplo,Spicy,Stu,Stephan,Ana,,
https://open.spotify.com/track/7hzjWGFi2HKUGOXp1LiQ3V?si=678cde7fc5fd49a7,Diplo,Spicy,Stu,,,,
https://open.spotify.com/track/7hzjWGFi2HKUGOXp1LiQ3V?si=678cde7fc5fd49a7,Diplo,Spicy,Stu,Ligia,Ana,,
https://open.spotify.com/track/7hzjWGFi2HKUGOXp1LiQ3V?si=678cde7fc5fd49a7,Diplo,Spicy,Stu,Tess,Tess,,X
https://open.spotify.com/track/7hzjWGFi2HKUGOXp1LiQ3V?si=678cde7fc5fd49a7,Diplo,Spicy,Stu,,,,
https://open.spotify.com/track/7hzjWGFi2HKUGOXp1LiQ3V?si=678cde7fc5fd49a7,Diplo,Spicy,Stu,,,,
https://open.spotify.com/track/7hzjWGFi2HKUGOXp1LiQ3V?si=678cde7fc5fd49a7,Diplo,Spicy,Stu,Stu,Ligia,,X
https://open.spotify.com/track/7hzjWGFi2HKUGOXp1LiQ3V?si=678cde7fc5fd49a7,Diplo,Spicy,Stu,Ligia,Ana,,
https://open.spotify.com/track/5aLD8CPaEu3Cj9ZcAqWWA6?si=436ba183b22f42a6 ,Viagra Boys,Sports,Gabby,,,,
https://open.spotify.com/track/5aLD8CPaEu3Cj9ZcAqWWA6?si=436ba183b22f42a6 ,Viagra Boys,Sports,Gabby,Stephan,Stu,X,
https://open.spotify.com/track/5aLD8CPaEu3Cj9ZcAqWWA6?si=436ba183b22f42a6 ,Viagra Boys,Sports,Gabby,Ligia,Gabby,,
https://open.spotify.com/track/5aLD8CPaEu3Cj9ZcAqWWA6?si=436ba183b22f42a6 ,Viagra Boys,Sports,Gabby,Stephan,Stu,X,
https://open.spotify.com/track/5aLD8CPaEu3Cj9ZcAqWWA6?si=436ba183b22f42a6 ,Viagra Boys,Sports,Gabby,,,,
https://open.spotify.com/track/5aLD8CPaEu3Cj9ZcAqWWA6?si=436ba183b22f42a6 ,Viagra Boys,Sports,Gabby,Ligia,Gabby,,
https://open.spotify.com/track/5aLD8CPaEu3Cj9ZcAqWWA6?si=436ba183b22f42a6 ,Viagra Boys,Sports,Gabby,Tess,Stu,,X
https://open.spotify.com/track/5aLD8CPaEu3Cj9ZcAqWWA6?si=436ba183b22f42a6 ,Viagra Boys,Sports,Gabby,,,,
https://open.spotify.com/track/5aLD8CPaEu3Cj9ZcAqWWA6?si=436ba183b22f42a6 ,Viagra Boys,Sports,Gabby,,,,
https://open.spotify.com/track/5aLD8CPaEu3Cj9ZcAqWWA6?si=436ba183b22f42a6 ,Viagra Boys,Sports,Gabby,Stu,Ligia,,X
https://open.spotify.com/track/5aLD8CPaEu3Cj9ZcAqWWA6?si=436ba183b22f42a6 ,Viagra Boys,Sports,Gabby,Ligia,Gabby,,
https://open.spotify.com/track/6VZdUa8JjaGF2LGsiRG9lC?si=7e86a55dfe914343 ,The Brothers Johnson,Stomp!,Rich,,,,
https://open.spotify.com/track/6VZdUa8JjaGF2LGsiRG9lC?si=7e86a55dfe914343 ,The Brothers Johnson,Stomp!,Rich,Stephan,Ligia,,
https://open.spotify.com/track/6VZdUa8JjaGF2LGsiRG9lC?si=7e86a55dfe914343 ,The Brothers Johnson,Stomp!,Rich,Ligia,,,
https://open.spotify.com/track/6VZdUa8JjaGF2LGsiRG9lC?si=7e86a55dfe914343 ,The Brothers Johnson,Stomp!,Rich,Stephan,Ligia,,
https://open.spotify.com/track/6VZdUa8JjaGF2LGsiRG9lC?si=7e86a55dfe914343 ,The Brothers Johnson,Stomp!,Rich,,,,
https://open.spotify.com/track/6VZdUa8JjaGF2LGsiRG9lC?si=7e86a55dfe914343 ,The Brothers Johnson,Stomp!,Rich,Ligia,,,
https://open.spotify.com/track/6VZdUa8JjaGF2LGsiRG9lC?si=7e86a55dfe914343 ,The Brothers Johnson,Stomp!,Rich,Tess,Tess,,
https://open.spotify.com/track/6VZdUa8JjaGF2LGsiRG9lC?si=7e86a55dfe914343 ,The Brothers Johnson,Stomp!,Rich,,,,
https://open.spotify.com/track/6VZdUa8JjaGF2LGsiRG9lC?si=7e86a55dfe914343 ,The Brothers Johnson,Stomp!,Rich,,,,
https://open.spotify.com/track/6VZdUa8JjaGF2LGsiRG9lC?si=7e86a55dfe914343 ,The Brothers Johnson,Stomp!,Rich,Stu,Rich,,
https://open.spotify.com/track/6VZdUa8JjaGF2LGsiRG9lC?si=7e86a55dfe914343 ,The Brothers Johnson,Stomp!,Rich,Ligia,,,
https://open.spotify.com/track/35ay7VDBY355v1ElCVsbIz?si=960875b95ccc4b1c,Ylvis,Stonehenge,Ana,,,,
https://open.spotify.com/track/35ay7VDBY355v1ElCVsbIz?si=960875b95ccc4b1c,Ylvis,Stonehenge,Ana,Stephan,Tess,,
https://open.spotify.com/track/35ay7VDBY355v1ElCVsbIz?si=960875b95ccc4b1c,Ylvis,Stonehenge,Ana,Ligia,Ana,,X
https://open.spotify.com/track/35ay7VDBY355v1ElCVsbIz?si=960875b95ccc4b1c,Ylvis,Stonehenge,Ana,Stephan,Tess,,
https://open.spotify.com/track/35ay7VDBY355v1ElCVsbIz?si=960875b95ccc4b1c,Ylvis,Stonehenge,Ana,,,,
https://open.spotify.com/track/35ay7VDBY355v1ElCVsbIz?si=960875b95ccc4b1c,Ylvis,Stonehenge,Ana,Ligia,Ana,,X
https://open.spotify.com/track/35ay7VDBY355v1ElCVsbIz?si=960875b95ccc4b1c,Ylvis,Stonehenge,Ana,Tess,Rich,,
https://open.spotify.com/track/35ay7VDBY355v1ElCVsbIz?si=960875b95ccc4b1c,Ylvis,Stonehenge,Ana,,,,
https://open.spotify.com/track/35ay7VDBY355v1ElCVsbIz?si=960875b95ccc4b1c,Ylvis,Stonehenge,Ana,,,,
https://open.spotify.com/track/35ay7VDBY355v1ElCVsbIz?si=960875b95ccc4b1c,Ylvis,Stonehenge,Ana,Stu,Rich,,
https://open.spotify.com/track/35ay7VDBY355v1ElCVsbIz?si=960875b95ccc4b1c,Ylvis,Stonehenge,Ana,Ligia,Ana,,X
https://open.spotify.com/track/7t1q7DKeiGGzHEMMJH2R7M?si=3691b451d2c94d59,Type O Negative,Summer Breeze,Anna,,,,
https://open.spotify.com/track/7t1q7DKeiGGzHEMMJH2R7M?si=3691b451d2c94d59,Type O Negative,Summer Breeze,Anna,Stephan,,,
https://open.spotify.com/track/7t1q7DKeiGGzHEMMJH2R7M?si=3691b451d2c94d59,Type O Negative,Summer Breeze,Anna,Ligia,Anna,X,
https://open.spotify.com/track/7t1q7DKeiGGzHEMMJH2R7M?si=3691b451d2c94d59,Type O Negative,Summer Breeze,Anna,Stephan,,,
https://open.spotify.com/track/7t1q7DKeiGGzHEMMJH2R7M?si=3691b451d2c94d59,Type O Negative,Summer Breeze,Anna,,,,
https://open.spotify.com/track/7t1q7DKeiGGzHEMMJH2R7M?si=3691b451d2c94d59,Type O Negative,Summer Breeze,Anna,Ligia,Anna,X,
https://open.spotify.com/track/7t1q7DKeiGGzHEMMJH2R7M?si=3691b451d2c94d59,Type O Negative,Summer Breeze,Anna,Tess,Anna,X,
https://open.spotify.com/track/7t1q7DKeiGGzHEMMJH2R7M?si=3691b451d2c94d59,Type O Negative,Summer Breeze,Anna,,,,
https://open.spotify.com/track/7t1q7DKeiGGzHEMMJH2R7M?si=3691b451d2c94d59,Type O Negative,Summer Breeze,Anna,,,,
https://open.spotify.com/track/7t1q7DKeiGGzHEMMJH2R7M?si=3691b451d2c94d59,Type O Negative,Summer Breeze,Anna,Stu,Anna,,
https://open.spotify.com/track/7t1q7DKeiGGzHEMMJH2R7M?si=3691b451d2c94d59,Type O Negative,Summer Breeze,Anna,Ligia,Anna,X,
https://open.spotify.com/track/2gNjmvuQiEd2z9SqyYi8HH?si=f0efbeb3d3ec44e6,"Louis Armstrong, Ella Fitzgerald",Summertime,Tess,,,,
https://open.spotify.com/track/2gNjmvuQiEd2z9SqyYi8HH?si=f0efbeb3d3ec44e6,"Louis Armstrong, Ella Fitzgerald",Summertime,Tess,Stephan,Antonio,,
https://open.spotify.com/track/2gNjmvuQiEd2z9SqyYi8HH?si=f0efbeb3d3ec44e6,"Louis Armstrong, Ella Fitzgerald",Summertime,Tess,Ligia,Stephan,,
https://open.spotify.com/track/2gNjmvuQiEd2z9SqyYi8HH?si=f0efbeb3d3ec44e6,"Louis Armstrong, Ella Fitzgerald",Summertime,Tess,Stephan,Antonio,,
https://open.spotify.com/track/2gNjmvuQiEd2z9SqyYi8HH?si=f0efbeb3d3ec44e6,"Louis Armstrong, Ella Fitzgerald",Summertime,Tess,,,,
https://open.spotify.com/track/2gNjmvuQiEd2z9SqyYi8HH?si=f0efbeb3d3ec44e6,"Louis Armstrong, Ella Fitzgerald",Summertime,Tess,Ligia,Stephan,,
https://open.spotify.com/track/2gNjmvuQiEd2z9SqyYi8HH?si=f0efbeb3d3ec44e6,"Louis Armstrong, Ella Fitzgerald",Summertime,Tess,Tess,Rich,,
https://open.spotify.com/track/2gNjmvuQiEd2z9SqyYi8HH?si=f0efbeb3d3ec44e6,"Louis Armstrong, Ella Fitzgerald",Summertime,Tess,,,,
https://open.spotify.com/track/2gNjmvuQiEd2z9SqyYi8HH?si=f0efbeb3d3ec44e6,"Louis Armstrong, Ella Fitzgerald",Summertime,Tess,,,,
https://open.spotify.com/track/2gNjmvuQiEd2z9SqyYi8HH?si=f0efbeb3d3ec44e6,"Louis Armstrong, Ella Fitzgerald",Summertime,Tess,Stu,Antonio,,
https://open.spotify.com/track/2gNjmvuQiEd2z9SqyYi8HH?si=f0efbeb3d3ec44e6,"Louis Armstrong, Ella Fitzgerald",Summertime,Tess,Ligia,Stephan,,
https://open.spotify.com/track/28XN8ncs0OBodA23W4ysZg?si=43f741b4942b478a,The Mars Volta,Tetragammaton,Antonio,,,,
https://open.spotify.com/track/28XN8ncs0OBodA23W4ysZg?si=43f741b4942b478a,The Mars Volta,Tetragammaton,Antonio,Stephan,Gabby,,
https://open.spotify.com/track/28XN8ncs0OBodA23W4ysZg?si=43f741b4942b478a,The Mars Volta,Tetragammaton,Antonio,Ligia,Anna,,
https://open.spotify.com/track/28XN8ncs0OBodA23W4ysZg?si=43f741b4942b478a,The Mars Volta,Tetragammaton,Antonio,Stephan,Gabby,,
https://open.spotify.com/track/28XN8ncs0OBodA23W4ysZg?si=43f741b4942b478a,The Mars Volta,Tetragammaton,Antonio,,,,
https://open.spotify.com/track/28XN8ncs0OBodA23W4ysZg?si=43f741b4942b478a,The Mars Volta,Tetragammaton,Antonio,Ligia,Anna,,
https://open.spotify.com/track/28XN8ncs0OBodA23W4ysZg?si=43f741b4942b478a,The Mars Volta,Tetragammaton,Antonio,Tess,,,
https://open.spotify.com/track/28XN8ncs0OBodA23W4ysZg?si=43f741b4942b478a,The Mars Volta,Tetragammaton,Antonio,,,,
https://open.spotify.com/track/28XN8ncs0OBodA23W4ysZg?si=43f741b4942b478a,The Mars Volta,Tetragammaton,Antonio,,,,
https://open.spotify.com/track/28XN8ncs0OBodA23W4ysZg?si=43f741b4942b478a,The Mars Volta,Tetragammaton,Antonio,Stu,Anna,,
https://open.spotify.com/track/28XN8ncs0OBodA23W4ysZg?si=43f741b4942b478a,The Mars Volta,Tetragammaton,Antonio,Ligia,Anna,,
https://open.spotify.com/track/3nhVfuweeVgS7Yr0Pd9Dgz?si=0cad90386fbc4b3c,Genesis,The Battle of Epping Forest,Antonio,,,,
https://open.spotify.com/track/3nhVfuweeVgS7Yr0Pd9Dgz?si=0cad90386fbc4b3c,Genesis,The Battle of Epping Forest,Antonio,Stephan,Rich,,
https://open.spotify.com/track/3nhVfuweeVgS7Yr0Pd9Dgz?si=0cad90386fbc4b3c,Genesis,The Battle of Epping Forest,Antonio,Ligia,Stu,,X
https://open.spotify.com/track/3nhVfuweeVgS7Yr0Pd9Dgz?si=0cad90386fbc4b3c,Genesis,The Battle of Epping Forest,Antonio,Stephan,Rich,,
https://open.spotify.com/track/3nhVfuweeVgS7Yr0Pd9Dgz?si=0cad90386fbc4b3c,Genesis,The Battle of Epping Forest,Antonio,,,,
https://open.spotify.com/track/3nhVfuweeVgS7Yr0Pd9Dgz?si=0cad90386fbc4b3c,Genesis,The Battle of Epping Forest,Antonio,Ligia,Stu,,X
https://open.spotify.com/track/3nhVfuweeVgS7Yr0Pd9Dgz?si=0cad90386fbc4b3c,Genesis,The Battle of Epping Forest,Antonio,Tess,,,
https://open.spotify.com/track/3nhVfuweeVgS7Yr0Pd9Dgz?si=0cad90386fbc4b3c,Genesis,The Battle of Epping Forest,Antonio,,,,
https://open.spotify.com/track/3nhVfuweeVgS7Yr0Pd9Dgz?si=0cad90386fbc4b3c,Genesis,The Battle of Epping Forest,Antonio,,,,
https://open.spotify.com/track/3nhVfuweeVgS7Yr0Pd9Dgz?si=0cad90386fbc4b3c,Genesis,The Battle of Epping Forest,Antonio,Stu,Rich,,
https://open.spotify.com/track/3nhVfuweeVgS7Yr0Pd9Dgz?si=0cad90386fbc4b3c,Genesis,The Battle of Epping Forest,Antonio,Ligia,Stu,,X
https://open.spotify.com/track/4RvQSYyiyhdgQ4lJlVZZZa?si=490e4496148a4b9a ,Buddy Rich Big Band,The Beat Goes On,Rich,,,,
https://open.spotify.com/track/4RvQSYyiyhdgQ4lJlVZZZa?si=490e4496148a4b9a ,Buddy Rich Big Band,The Beat Goes On,Rich,Stephan,Antonio,,
https://open.spotify.com/track/4RvQSYyiyhdgQ4lJlVZZZa?si=490e4496148a4b9a ,Buddy Rich Big Band,The Beat Goes On,Rich,Ligia,,,
https://open.spotify.com/track/4RvQSYyiyhdgQ4lJlVZZZa?si=490e4496148a4b9a ,Buddy Rich Big Band,The Beat Goes On,Rich,Stephan,Antonio,,
https://open.spotify.com/track/4RvQSYyiyhdgQ4lJlVZZZa?si=490e4496148a4b9a ,Buddy Rich Big Band,The Beat Goes On,Rich,,,,
https://open.spotify.com/track/4RvQSYyiyhdgQ4lJlVZZZa?si=490e4496148a4b9a ,Buddy Rich Big Band,The Beat Goes On,Rich,Ligia,,,
https://open.spotify.com/track/4RvQSYyiyhdgQ4lJlVZZZa?si=490e4496148a4b9a ,Buddy Rich Big Band,The Beat Goes On,Rich,Tess,Stephan,,
https://open.spotify.com/track/4RvQSYyiyhdgQ4lJlVZZZa?si=490e4496148a4b9a ,Buddy Rich Big Band,The Beat Goes On,Rich,,,,
https://open.spotify.com/track/4RvQSYyiyhdgQ4lJlVZZZa?si=490e4496148a4b9a ,Buddy Rich Big Band,The Beat Goes On,Rich,,,,
https://open.spotify.com/track/4RvQSYyiyhdgQ4lJlVZZZa?si=490e4496148a4b9a ,Buddy Rich Big Band,The Beat Goes On,Rich,Stu,Antonio,,
https://open.spotify.com/track/4RvQSYyiyhdgQ4lJlVZZZa?si=490e4496148a4b9a ,Buddy Rich Big Band,The Beat Goes On,Rich,Ligia,,,
https://open.spotify.com/track/1Ojz92vyPK4fJ5K8RVnV5u?si=5944db06990a4155,Vivaldi,The Four Seasons - Summer in G Minor,Antonio,,,,
https://open.spotify.com/track/1Ojz92vyPK4fJ5K8RVnV5u?si=5944db06990a4155,Vivaldi,The Four Seasons - Summer in G Minor,Antonio,Stephan,Antonio,,
https://open.spotify.com/track/1Ojz92vyPK4fJ5K8RVnV5u?si=5944db06990a4155,Vivaldi,The Four Seasons - Summer in G Minor,Antonio,Ligia,Antonio,,X
https://open.spotify.com/track/1Ojz92vyPK4fJ5K8RVnV5u?si=5944db06990a4155,Vivaldi,The Four Seasons - Summer in G Minor,Antonio,Stephan,Antonio,,
https://open.spotify.com/track/1Ojz92vyPK4fJ5K8RVnV5u?si=5944db06990a4155,Vivaldi,The Four Seasons - Summer in G Minor,Antonio,,,,
https://open.spotify.com/track/1Ojz92vyPK4fJ5K8RVnV5u?si=5944db06990a4155,Vivaldi,The Four Seasons - Summer in G Minor,Antonio,Ligia,Antonio,,X
https://open.spotify.com/track/1Ojz92vyPK4fJ5K8RVnV5u?si=5944db06990a4155,Vivaldi,The Four Seasons - Summer in G Minor,Antonio,Tess,,,
https://open.spotify.com/track/1Ojz92vyPK4fJ5K8RVnV5u?si=5944db06990a4155,Vivaldi,The Four Seasons - Summer in G Minor,Antonio,,,,
https://open.spotify.com/track/1Ojz92vyPK4fJ5K8RVnV5u?si=5944db06990a4155,Vivaldi,The Four Seasons - Summer in G Minor,Antonio,,,,
https://open.spotify.com/track/1Ojz92vyPK4fJ5K8RVnV5u?si=5944db06990a4155,Vivaldi,The Four Seasons - Summer in G Minor,Antonio,Stu,Antonio,,
https://open.spotify.com/track/1Ojz92vyPK4fJ5K8RVnV5u?si=5944db06990a4155,Vivaldi,The Four Seasons - Summer in G Minor,Antonio,Ligia,Antonio,,X
https://open.spotify.com/track/5HOpkTTVcmZHnthgyxrIL8?si=9ffe84621ad940fc,Ylvis,The Fox (What Does the Fox Say?),Ana,,,,
https://open.spotify.com/track/5HOpkTTVcmZHnthgyxrIL8?si=9ffe84621ad940fc,Ylvis,The Fox (What Does the Fox Say?),Ana,Stephan,Ligia,,
https://open.spotify.com/track/5HOpkTTVcmZHnthgyxrIL8?si=9ffe84621ad940fc,Ylvis,The Fox (What Does the Fox Say?),Ana,Ligia,Ligia,,X
https://open.spotify.com/track/5HOpkTTVcmZHnthgyxrIL8?si=9ffe84621ad940fc,Ylvis,The Fox (What Does the Fox Say?),Ana,Stephan,Ligia,,
https://open.spotify.com/track/5HOpkTTVcmZHnthgyxrIL8?si=9ffe84621ad940fc,Ylvis,The Fox (What Does the Fox Say?),Ana,,,,
https://open.spotify.com/track/5HOpkTTVcmZHnthgyxrIL8?si=9ffe84621ad940fc,Ylvis,The Fox (What Does the Fox Say?),Ana,Ligia,Ligia,,X
https://open.spotify.com/track/5HOpkTTVcmZHnthgyxrIL8?si=9ffe84621ad940fc,Ylvis,The Fox (What Does the Fox Say?),Ana,Tess,Anna,,X
https://open.spotify.com/track/5HOpkTTVcmZHnthgyxrIL8?si=9ffe84621ad940fc,Ylvis,The Fox (What Does the Fox Say?),Ana,,,,
https://open.spotify.com/track/5HOpkTTVcmZHnthgyxrIL8?si=9ffe84621ad940fc,Ylvis,The Fox (What Does the Fox Say?),Ana,,,,
https://open.spotify.com/track/5HOpkTTVcmZHnthgyxrIL8?si=9ffe84621ad940fc,Ylvis,The Fox (What Does the Fox Say?),Ana,Stu,Rich,,X
https://open.spotify.com/track/5HOpkTTVcmZHnthgyxrIL8?si=9ffe84621ad940fc,Ylvis,The Fox (What Does the Fox Say?),Ana,Ligia,Ligia,,X
https://open.spotify.com/track/6K4t31amVTZDgR3sKmwUJJ?si=LNmix5fiTVO3bn7gWjylsQ,Tame Impala,The Less I Know the Better,Ligia,,,,
https://open.spotify.com/track/6K4t31amVTZDgR3sKmwUJJ?si=LNmix5fiTVO3bn7gWjylsQ,Tame Impala,The Less I Know the Better,Ligia,Stephan,Stephan,,
https://open.spotify.com/track/6K4t31amVTZDgR3sKmwUJJ?si=LNmix5fiTVO3bn7gWjylsQ,Tame Impala,The Less I Know the Better,Ligia,Ligia,Ana,,
https://open.spotify.com/track/6K4t31amVTZDgR3sKmwUJJ?si=LNmix5fiTVO3bn7gWjylsQ,Tame Impala,The Less I Know the Better,Ligia,Stephan,Stephan,,
https://open.spotify.com/track/6K4t31amVTZDgR3sKmwUJJ?si=LNmix5fiTVO3bn7gWjylsQ,Tame Impala,The Less I Know the Better,Ligia,,,,
https://open.spotify.com/track/6K4t31amVTZDgR3sKmwUJJ?si=LNmix5fiTVO3bn7gWjylsQ,Tame Impala,The Less I Know the Better,Ligia,Ligia,Ana,,
https://open.spotify.com/track/6K4t31amVTZDgR3sKmwUJJ?si=LNmix5fiTVO3bn7gWjylsQ,Tame Impala,The Less I Know the Better,Ligia,Tess,Gabby,,
https://open.spotify.com/track/6K4t31amVTZDgR3sKmwUJJ?si=LNmix5fiTVO3bn7gWjylsQ,Tame Impala,The Less I Know the Better,Ligia,,,,
https://open.spotify.com/track/6K4t31amVTZDgR3sKmwUJJ?si=LNmix5fiTVO3bn7gWjylsQ,Tame Impala,The Less I Know the Better,Ligia,,,,
https://open.spotify.com/track/6K4t31amVTZDgR3sKmwUJJ?si=LNmix5fiTVO3bn7gWjylsQ,Tame Impala,The Less I Know the Better,Ligia,Stu,Stu,X,
https://open.spotify.com/track/6K4t31amVTZDgR3sKmwUJJ?si=LNmix5fiTVO3bn7gWjylsQ,Tame Impala,The Less I Know the Better,Ligia,Ligia,Ana,,
https://open.spotify.com/track/2P6tZcjwlxq8wX1K5c9mqN?si=33e9e7c010424b55,Little Jackie,The World Should Revolve Around Me,Stu,,,,
https://open.spotify.com/track/2P6tZcjwlxq8wX1K5c9mqN?si=33e9e7c010424b55,Little Jackie,The World Should Revolve Around Me,Stu,Stephan,Tess,,
https://open.spotify.com/track/2P6tZcjwlxq8wX1K5c9mqN?si=33e9e7c010424b55,Little Jackie,The World Should Revolve Around Me,Stu,Ligia,Tess,,
https://open.spotify.com/track/2P6tZcjwlxq8wX1K5c9mqN?si=33e9e7c010424b55,Little Jackie,The World Should Revolve Around Me,Stu,Stephan,Tess,,
https://open.spotify.com/track/2P6tZcjwlxq8wX1K5c9mqN?si=33e9e7c010424b55,Little Jackie,The World Should Revolve Around Me,Stu,,,,
https://open.spotify.com/track/2P6tZcjwlxq8wX1K5c9mqN?si=33e9e7c010424b55,Little Jackie,The World Should Revolve Around Me,Stu,Ligia,Tess,,
https://open.spotify.com/track/2P6tZcjwlxq8wX1K5c9mqN?si=33e9e7c010424b55,Little Jackie,The World Should Revolve Around Me,Stu,Tess,Ana,,
https://open.spotify.com/track/2P6tZcjwlxq8wX1K5c9mqN?si=33e9e7c010424b55,Little Jackie,The World Should Revolve Around Me,Stu,,,,
https://open.spotify.com/track/2P6tZcjwlxq8wX1K5c9mqN?si=33e9e7c010424b55,Little Jackie,The World Should Revolve Around Me,Stu,,,,
https://open.spotify.com/track/2P6tZcjwlxq8wX1K5c9mqN?si=33e9e7c010424b55,Little Jackie,The World Should Revolve Around Me,Stu,Stu,Ana,,
https://open.spotify.com/track/2P6tZcjwlxq8wX1K5c9mqN?si=33e9e7c010424b55,Little Jackie,The World Should Revolve Around Me,Stu,Ligia,Tess,,
https://open.spotify.com/track/1zwrhzwvm5ySiwumpEHOYO?si=9b8c9b8d1aa44c18,The Go! Team,The Wrath of Marcie,Stu,,,,
https://open.spotify.com/track/1zwrhzwvm5ySiwumpEHOYO?si=9b8c9b8d1aa44c18,The Go! Team,The Wrath of Marcie,Stu,Stephan,Rich,,
https://open.spotify.com/track/1zwrhzwvm5ySiwumpEHOYO?si=9b8c9b8d1aa44c18,The Go! Team,The Wrath of Marcie,Stu,Ligia,Gabby,,
https://open.spotify.com/track/1zwrhzwvm5ySiwumpEHOYO?si=9b8c9b8d1aa44c18,The Go! Team,The Wrath of Marcie,Stu,Stephan,Rich,,
https://open.spotify.com/track/1zwrhzwvm5ySiwumpEHOYO?si=9b8c9b8d1aa44c18,The Go! Team,The Wrath of Marcie,Stu,,,,
https://open.spotify.com/track/1zwrhzwvm5ySiwumpEHOYO?si=9b8c9b8d1aa44c18,The Go! Team,The Wrath of Marcie,Stu,Ligia,Gabby,,
https://open.spotify.com/track/1zwrhzwvm5ySiwumpEHOYO?si=9b8c9b8d1aa44c18,The Go! Team,The Wrath of Marcie,Stu,Tess,Gabby,,
https://open.spotify.com/track/1zwrhzwvm5ySiwumpEHOYO?si=9b8c9b8d1aa44c18,The Go! Team,The Wrath of Marcie,Stu,,,,
https://open.spotify.com/track/1zwrhzwvm5ySiwumpEHOYO?si=9b8c9b8d1aa44c18,The Go! Team,The Wrath of Marcie,Stu,,,,
https://open.spotify.com/track/1zwrhzwvm5ySiwumpEHOYO?si=9b8c9b8d1aa44c18,The Go! Team,The Wrath of Marcie,Stu,Stu,Stu,,
https://open.spotify.com/track/1zwrhzwvm5ySiwumpEHOYO?si=9b8c9b8d1aa44c18,The Go! Team,The Wrath of Marcie,Stu,Ligia,Gabby,,
https://open.spotify.com/track/73ljrkSg4A0q3ByU0Cu7mw?si=653bc24cf22d4bb3,Vengaboys,We Like To Party! (The Vengabus),Tess,,,,
https://open.spotify.com/track/73ljrkSg4A0q3ByU0Cu7mw?si=653bc24cf22d4bb3,Vengaboys,We Like To Party! (The Vengabus),Tess,Stephan,Ligia,,
https://open.spotify.com/track/73ljrkSg4A0q3ByU0Cu7mw?si=653bc24cf22d4bb3,Vengaboys,We Like To Party! (The Vengabus),Tess,Ligia,Ligia,,
https://open.spotify.com/track/73ljrkSg4A0q3ByU0Cu7mw?si=653bc24cf22d4bb3,Vengaboys,We Like To Party! (The Vengabus),Tess,Stephan,Ligia,,
https://open.spotify.com/track/73ljrkSg4A0q3ByU0Cu7mw?si=653bc24cf22d4bb3,Vengaboys,We Like To Party! (The Vengabus),Tess,,,,
https://open.spotify.com/track/73ljrkSg4A0q3ByU0Cu7mw?si=653bc24cf22d4bb3,Vengaboys,We Like To Party! (The Vengabus),Tess,Ligia,Ligia,,
https://open.spotify.com/track/73ljrkSg4A0q3ByU0Cu7mw?si=653bc24cf22d4bb3,Vengaboys,We Like To Party! (The Vengabus),Tess,Tess,Ligia,,
https://open.spotify.com/track/73ljrkSg4A0q3ByU0Cu7mw?si=653bc24cf22d4bb3,Vengaboys,We Like To Party! (The Vengabus),Tess,,,,
https://open.spotify.com/track/73ljrkSg4A0q3ByU0Cu7mw?si=653bc24cf22d4bb3,Vengaboys,We Like To Party! (The Vengabus),Tess,,,,
https://open.spotify.com/track/73ljrkSg4A0q3ByU0Cu7mw?si=653bc24cf22d4bb3,Vengaboys,We Like To Party! (The Vengabus),Tess,Stu,Ana,,X
https://open.spotify.com/track/73ljrkSg4A0q3ByU0Cu7mw?si=653bc24cf22d4bb3,Vengaboys,We Like To Party! (The Vengabus),Tess,Ligia,Ligia,,
https://open.spotify.com/track/3ovjw5HZZv43SxTwApooCM?si=bca38adf54944602,Scorpions,Wind of Change,Ana,,,,
https://open.spotify.com/track/3ovjw5HZZv43SxTwApooCM?si=bca38adf54944602,Scorpions,Wind of Change,Ana,Stephan,Rich,,
https://open.spotify.com/track/3ovjw5HZZv43SxTwApooCM?si=bca38adf54944602,Scorpions,Wind of Change,Ana,Ligia,Stu,,X
https://open.spotify.com/track/3ovjw5HZZv43SxTwApooCM?si=bca38adf54944602,Scorpions,Wind of Change,Ana,Stephan,Rich,,
https://open.spotify.com/track/3ovjw5HZZv43SxTwApooCM?si=bca38adf54944602,Scorpions,Wind of Change,Ana,,,,
https://open.spotify.com/track/3ovjw5HZZv43SxTwApooCM?si=bca38adf54944602,Scorpions,Wind of Change,Ana,Ligia,Stu,,X
https://open.spotify.com/track/3ovjw5HZZv43SxTwApooCM?si=bca38adf54944602,Scorpions,Wind of Change,Ana,Tess,Anna,,
https://open.spotify.com/track/3ovjw5HZZv43SxTwApooCM?si=bca38adf54944602,Scorpions,Wind of Change,Ana,,,,
https://open.spotify.com/track/3ovjw5HZZv43SxTwApooCM?si=bca38adf54944602,Scorpions,Wind of Change,Ana,,,,
https://open.spotify.com/track/3ovjw5HZZv43SxTwApooCM?si=bca38adf54944602,Scorpions,Wind of Change,Ana,Stu,Rich,,
https://open.spotify.com/track/3ovjw5HZZv43SxTwApooCM?si=bca38adf54944602,Scorpions,Wind of Change,Ana,Ligia,Stu,,X
https://open.spotify.com/track/5tryzDT3iMMcONq3YHWgC9?si=e7d3dd92bd0042ae,Yeah Yeah Yeahs,Y Control,Stu,,,,
https://open.spotify.com/track/5tryzDT3iMMcONq3YHWgC9?si=e7d3dd92bd0042ae,Yeah Yeah Yeahs,Y Control,Stu,Stephan,Gabby,,
https://open.spotify.com/track/5tryzDT3iMMcONq3YHWgC9?si=e7d3dd92bd0042ae,Yeah Yeah Yeahs,Y Control,Stu,Ligia,Stephan,,
https://open.spotify.com/track/5tryzDT3iMMcONq3YHWgC9?si=e7d3dd92bd0042ae,Yeah Yeah Yeahs,Y Control,Stu,Stephan,Gabby,,
https://open.spotify.com/track/5tryzDT3iMMcONq3YHWgC9?si=e7d3dd92bd0042ae,Yeah Yeah Yeahs,Y Control,Stu,,,,
https://open.spotify.com/track/5tryzDT3iMMcONq3YHWgC9?si=e7d3dd92bd0042ae,Yeah Yeah Yeahs,Y Control,Stu,Ligia,Stephan,,
https://open.spotify.com/track/5tryzDT3iMMcONq3YHWgC9?si=e7d3dd92bd0042ae,Yeah Yeah Yeahs,Y Control,Stu,Tess,Anna,X,
https://open.spotify.com/track/5tryzDT3iMMcONq3YHWgC9?si=e7d3dd92bd0042ae,Yeah Yeah Yeahs,Y Control,Stu,,,,
https://open.spotify.com/track/5tryzDT3iMMcONq3YHWgC9?si=e7d3dd92bd0042ae,Yeah Yeah Yeahs,Y Control,Stu,,,,
https://open.spotify.com/track/5tryzDT3iMMcONq3YHWgC9?si=e7d3dd92bd0042ae,Yeah Yeah Yeahs,Y Control,Stu,Stu,Anna,,
https://open.spotify.com/track/5tryzDT3iMMcONq3YHWgC9?si=e7d3dd92bd0042ae,Yeah Yeah Yeahs,Y Control,Stu,Ligia,Stephan,,
https://open.spotify.com/track/59Y2GLn55BVjX3UTMUDtTP?si=kmIHwimXQEmavjvQLfOjdg,"Florence + The Machine, The xx, Jamie xx",You've Got The Love (Jamie xx Rework),Ligia,,,,
https://open.spotify.com/track/59Y2GLn55BVjX3UTMUDtTP?si=kmIHwimXQEmavjvQLfOjdg,"Florence + The Machine, The xx, Jamie xx",You've Got The Love (Jamie xx Rework),Ligia,Stephan,Gabby,,
https://open.spotify.com/track/59Y2GLn55BVjX3UTMUDtTP?si=kmIHwimXQEmavjvQLfOjdg,"Florence + The Machine, The xx, Jamie xx",You've Got The Love (Jamie xx Rework),Ligia,Ligia,Stephan,,
https://open.spotify.com/track/59Y2GLn55BVjX3UTMUDtTP?si=kmIHwimXQEmavjvQLfOjdg,"Florence + The Machine, The xx, Jamie xx",You've Got The Love (Jamie xx Rework),Ligia,Stephan,Gabby,,
https://open.spotify.com/track/59Y2GLn55BVjX3UTMUDtTP?si=kmIHwimXQEmavjvQLfOjdg,"Florence + The Machine, The xx, Jamie xx",You've Got The Love (Jamie xx Rework),Ligia,,,,
https://open.spotify.com/track/59Y2GLn55BVjX3UTMUDtTP?si=kmIHwimXQEmavjvQLfOjdg,"Florence + The Machine, The xx, Jamie xx",You've Got The Love (Jamie xx Rework),Ligia,Ligia,Stephan,,
https://open.spotify.com/track/59Y2GLn55BVjX3UTMUDtTP?si=kmIHwimXQEmavjvQLfOjdg,"Florence + The Machine, The xx, Jamie xx",You've Got The Love (Jamie xx Rework),Ligia,Tess,Stephan,,
https://open.spotify.com/track/59Y2GLn55BVjX3UTMUDtTP?si=kmIHwimXQEmavjvQLfOjdg,"Florence + The Machine, The xx, Jamie xx",You've Got The Love (Jamie xx Rework),Ligia,,,,
https://open.spotify.com/track/59Y2GLn55BVjX3UTMUDtTP?si=kmIHwimXQEmavjvQLfOjdg,"Florence + The Machine, The xx, Jamie xx",You've Got The Love (Jamie xx Rework),Ligia,,,,
https://open.spotify.com/track/59Y2GLn55BVjX3UTMUDtTP?si=kmIHwimXQEmavjvQLfOjdg,"Florence + The Machine, The xx, Jamie xx",You've Got The Love (Jamie xx Rework),Ligia,Stu,Gabby,,
https://open.spotify.com/track/59Y2GLn55BVjX3UTMUDtTP?si=kmIHwimXQEmavjvQLfOjdg,"Florence + The Machine, The xx, Jamie xx",You've Got The Love (Jamie xx Rework),Ligia,Ligia,Stephan,,
